{"stats":{"minecraft:mined":{"minecraft:deepslate_redstone_ore":16,"minecraft:diamond_ore":2,"minecraft:tuff":63,"minecraft:deepslate_diamond_ore":35,"minecraft:crafting_table":4,"minecraft:granite":24,"minecraft:short_grass":9,"minecraft:grass_block":9,"minecraft:copper_ore":7,"minecraft:cobblestone":15,"minecraft:diorite":23,"minecraft:raw_iron_block":3,"minecraft:furnace":3,"minecraft:cobbled_deepslate":1,"minecraft:iron_ore":85,"minecraft:andesite":19,"minecraft:deepslate_lapis_ore":3,"minecraft:coal_ore":41,"minecraft:oak_log":58,"minecraft:deepslate_iron_ore":124,"minecraft:dirt":12,"minecraft:stone":307,"minecraft:white_wool":3,"minecraft:oak_leaves":12,"minecraft:deepslate":196},"minecraft:killed":{"minecraft:pig":10,"minecraft:spider":1,"minecraft:creeper":1,"minecraft:sheep":3,"minecraft:skeleton":1,"minecraft:zombie":1,"minecraft:cow":8},"minecraft:used":{"minecraft:stone_pickaxe":210,"minecraft:wooden_pickaxe":6,"minecraft:shield":6,"minecraft:white_wool":3,"minecraft:dirt":33,"minecraft:mutton":1,"minecraft:crafting_table":5,"minecraft:diamond_pickaxe":393,"minecraft:brown_wool":1,"minecraft:iron_pickaxe":362,"minecraft:stone_axe":96,"minecraft:cobblestone":98,"minecraft:oak_sapling":2,"minecraft:furnace":4,"minecraft:cooked_porkchop":5,"minecraft:cooked_beef":1,"minecraft:cobbled_deepslate":47,"minecraft:iron_leggings":1},"minecraft:dropped":{"minecraft:cooked_porkchop":2},"minecraft:broken":{"minecraft:stone_pickaxe":1},"minecraft:custom":{"minecraft:interact_with_furnace":55,"minecraft:mob_kills":25,"minecraft:interact_with_crafting_table":28,"minecraft:leave_game":1,"minecraft:time_since_death":28835,"minecraft:time_since_rest":28872,"minecraft:sprint_one_cm":144801,"minecraft:damage_taken":862,"minecraft:walk_one_cm":146534,"minecraft:damage_blocked_by_shield":219,"minecraft:drop":2,"minecraft:damage_dealt":2888,"minecraft:swim_one_cm":1523,"minecraft:fly_one_cm":73905,"minecraft:crouch_one_cm":40504,"minecraft:play_time":71643,"minecraft:deaths":2,"minecraft:sneak_time":15912,"minecraft:walk_under_water_one_cm":583,"minecraft:jump":806,"minecraft:walk_on_water_one_cm":1597,"minecraft:total_world_time":71643,"minecraft:fall_one_cm":25305},"minecraft:picked_up":{"minecraft:wooden_axe":1,"minecraft:crafting_table":5,"minecraft:andesite":19,"minecraft:leather":5,"minecraft:brown_wool":1,"minecraft:wooden_pickaxe":2,"minecraft:tuff":62,"minecraft:oak_log":70,"minecraft:gunpowder":1,"minecraft:lapis_lazuli":14,"minecraft:dirt":37,"minecraft:raw_copper":22,"minecraft:iron_axe":1,"minecraft:apple":1,"minecraft:wheat_seeds":3,"minecraft:cobbled_deepslate":197,"minecraft:beef":14,"minecraft:stone_pickaxe":2,"minecraft:iron_pickaxe":1,"minecraft:oak_planks":33,"minecraft:furnace":3,"minecraft:stick":4,"minecraft:raw_iron":209,"minecraft:cooked_porkchop":3,"minecraft:raw_iron_block":3,"minecraft:porkchop":23,"minecraft:diorite":22,"minecraft:redstone":71,"minecraft:arrow":2,"minecraft:rotten_flesh":2,"minecraft:diamond":37,"minecraft:stone_axe":2,"minecraft:granite":23,"minecraft:oak_sapling":3,"minecraft:mutton":4,"minecraft:coal":80,"minecraft:white_wool":5,"minecraft:cobblestone":345,"minecraft:diamond_pickaxe":1},"minecraft:crafted":{"minecraft:cooked_beef":14,"minecraft:oak_planks":216,"minecraft:raw_iron":27,"minecraft:cooked_porkchop":24,"minecraft:crafting_table":2,"minecraft:wooden_pickaxe":2,"minecraft:iron_helmet":2,"minecraft:furnace":3,"minecraft:bucket":1,"minecraft:stone_axe":2,"minecraft:air":0,"minecraft:iron_boots":2,"minecraft:iron_chestplate":1,"minecraft:shield":2,"minecraft:stick":24,"minecraft:iron_ingot":70,"minecraft:iron_pickaxe":2,"minecraft:stone_pickaxe":3,"minecraft:iron_leggings":2}},"DataVersion":3700}