{"stats":{"minecraft:mined":{"minecraft:short_grass":6,"minecraft:grass_block":2,"minecraft:coal_ore":20,"minecraft:oak_log":23,"minecraft:stone":46,"minecraft:crafting_table":2,"minecraft:oak_leaves":3},"minecraft:used":{"minecraft:stone_axe":18,"minecraft:crafting_table":2,"minecraft:oak_sapling":1,"minecraft:stone_pickaxe":63,"minecraft:wooden_pickaxe":3},"minecraft:custom":{"minecraft:time_since_rest":5969,"minecraft:crouch_one_cm":5332,"minecraft:play_time":5969,"minecraft:sprint_one_cm":19749,"minecraft:walk_one_cm":10562,"minecraft:sneak_time":1695,"minecraft:jump":83,"minecraft:time_since_death":5969,"minecraft:total_world_time":5969,"minecraft:interact_with_crafting_table":3,"minecraft:fall_one_cm":1254,"minecraft:fly_one_cm":13842},"minecraft:picked_up":{"minecraft:crafting_table":2,"minecraft:wheat_seeds":1,"minecraft:oak_log":23,"minecraft:oak_sapling":1,"minecraft:dirt":2,"minecraft:coal":20,"minecraft:cobblestone":46},"minecraft:crafted":{"minecraft:oak_planks":44,"minecraft:stone_axe":1,"minecraft:crafting_table":1,"minecraft:stick":8,"minecraft:wooden_pickaxe":1,"minecraft:stone_pickaxe":1}},"DataVersion":3700}