{"stats":{"minecraft:mined":{"minecraft:diamond_ore":2,"minecraft:tuff":50,"minecraft:deepslate_diamond_ore":20,"minecraft:crafting_table":4,"minecraft:granite":24,"minecraft:short_grass":9,"minecraft:grass_block":9,"minecraft:copper_ore":7,"minecraft:cobblestone":10,"minecraft:diorite":15,"minecraft:raw_iron_block":3,"minecraft:furnace":3,"minecraft:iron_ore":83,"minecraft:andesite":6,"minecraft:deepslate_lapis_ore":3,"minecraft:coal_ore":41,"minecraft:oak_log":58,"minecraft:deepslate_iron_ore":97,"minecraft:dirt":12,"minecraft:stone":299,"minecraft:white_wool":3,"minecraft:oak_leaves":12,"minecraft:deepslate":92},"minecraft:killed":{"minecraft:pig":10,"minecraft:spider":1,"minecraft:sheep":3,"minecraft:skeleton":1,"minecraft:cow":8},"minecraft:used":{"minecraft:stone_pickaxe":210,"minecraft:wooden_pickaxe":6,"minecraft:shield":6,"minecraft:white_wool":3,"minecraft:dirt":30,"minecraft:mutton":1,"minecraft:crafting_table":4,"minecraft:diamond_pickaxe":393,"minecraft:brown_wool":1,"minecraft:iron_pickaxe":150,"minecraft:stone_axe":91,"minecraft:cobblestone":89,"minecraft:oak_sapling":2,"minecraft:furnace":4,"minecraft:cooked_porkchop":5,"minecraft:cobbled_deepslate":7,"minecraft:iron_leggings":1},"minecraft:dropped":{"minecraft:cooked_porkchop":2},"minecraft:broken":{"minecraft:stone_pickaxe":1},"minecraft:custom":{"minecraft:interact_with_furnace":55,"minecraft:mob_kills":23,"minecraft:interact_with_crafting_table":27,"minecraft:time_since_death":17161,"minecraft:time_since_rest":17198,"minecraft:sprint_one_cm":133090,"minecraft:damage_taken":770,"minecraft:walk_one_cm":130286,"minecraft:damage_blocked_by_shield":219,"minecraft:drop":2,"minecraft:damage_dealt":2487,"minecraft:swim_one_cm":1523,"minecraft:fly_one_cm":69474,"minecraft:crouch_one_cm":33558,"minecraft:play_time":59969,"minecraft:deaths":2,"minecraft:sneak_time":12400,"minecraft:walk_under_water_one_cm":583,"minecraft:jump":711,"minecraft:walk_on_water_one_cm":1466,"minecraft:total_world_time":59969,"minecraft:fall_one_cm":23596},"minecraft:picked_up":{"minecraft:wooden_axe":1,"minecraft:crafting_table":5,"minecraft:andesite":6,"minecraft:leather":5,"minecraft:brown_wool":1,"minecraft:wooden_pickaxe":2,"minecraft:tuff":49,"minecraft:oak_log":70,"minecraft:lapis_lazuli":14,"minecraft:dirt":37,"minecraft:raw_copper":22,"minecraft:iron_axe":1,"minecraft:apple":1,"minecraft:wheat_seeds":3,"minecraft:cobbled_deepslate":92,"minecraft:beef":14,"minecraft:stone_pickaxe":2,"minecraft:iron_pickaxe":1,"minecraft:oak_planks":33,"minecraft:furnace":3,"minecraft:stick":4,"minecraft:raw_iron":180,"minecraft:cooked_porkchop":3,"minecraft:raw_iron_block":3,"minecraft:porkchop":23,"minecraft:diorite":14,"minecraft:arrow":2,"minecraft:diamond":22,"minecraft:stone_axe":2,"minecraft:granite":23,"minecraft:oak_sapling":3,"minecraft:mutton":4,"minecraft:coal":80,"minecraft:white_wool":5,"minecraft:cobblestone":332,"minecraft:diamond_pickaxe":1},"minecraft:crafted":{"minecraft:cooked_beef":14,"minecraft:oak_planks":216,"minecraft:raw_iron":27,"minecraft:cooked_porkchop":24,"minecraft:crafting_table":2,"minecraft:wooden_pickaxe":2,"minecraft:iron_helmet":2,"minecraft:furnace":3,"minecraft:bucket":1,"minecraft:stone_axe":2,"minecraft:air":0,"minecraft:iron_boots":2,"minecraft:iron_chestplate":1,"minecraft:shield":1,"minecraft:stick":24,"minecraft:iron_ingot":70,"minecraft:iron_pickaxe":2,"minecraft:stone_pickaxe":3,"minecraft:iron_leggings":2}},"DataVersion":3700}