{"stats":{"minecraft:mined":{"minecraft:furnace":1,"minecraft:iron_ore":70,"minecraft:andesite":3,"minecraft:crafting_table":2,"minecraft:granite":24,"minecraft:short_grass":6,"minecraft:oak_log":23,"minecraft:grass_block":3,"minecraft:coal_ore":20,"minecraft:dirt":6,"minecraft:copper_ore":7,"minecraft:cobblestone":4,"minecraft:stone":246,"minecraft:diorite":13,"minecraft:oak_leaves":5},"minecraft:used":{"minecraft:diamond_pickaxe":87,"minecraft:stone_pickaxe":149,"minecraft:iron_pickaxe":150,"minecraft:wooden_pickaxe":3,"minecraft:stone_axe":18,"minecraft:dirt":8,"minecraft:cobblestone":19,"minecraft:crafting_table":2,"minecraft:furnace":1,"minecraft:oak_sapling":2,"minecraft:cooked_porkchop":2,"minecraft:iron_leggings":1},"minecraft:dropped":{"minecraft:cooked_porkchop":2},"minecraft:broken":{"minecraft:stone_pickaxe":1},"minecraft:custom":{"minecraft:time_since_rest":23538,"minecraft:interact_with_furnace":23,"minecraft:sprint_one_cm":63713,"minecraft:damage_taken":340,"minecraft:walk_one_cm":64412,"minecraft:drop":2,"minecraft:swim_one_cm":624,"minecraft:interact_with_crafting_table":18,"minecraft:fly_one_cm":28016,"minecraft:crouch_one_cm":17238,"minecraft:play_time":29969,"minecraft:deaths":1,"minecraft:sneak_time":5877,"minecraft:walk_under_water_one_cm":176,"minecraft:jump":279,"minecraft:walk_on_water_one_cm":1329,"minecraft:time_since_death":23506,"minecraft:total_world_time":29969,"minecraft:fall_one_cm":8999},"minecraft:picked_up":{"minecraft:wooden_axe":1,"minecraft:raw_iron":70,"minecraft:stick":2,"minecraft:crafting_table":3,"minecraft:cooked_porkchop":3,"minecraft:andesite":3,"minecraft:wooden_pickaxe":2,"minecraft:oak_log":35,"minecraft:diorite":13,"minecraft:dirt":12,"minecraft:raw_copper":22,"minecraft:iron_axe":1,"minecraft:stone_axe":2,"minecraft:wheat_seeds":2,"minecraft:granite":23,"minecraft:stone_pickaxe":2,"minecraft:iron_pickaxe":1,"minecraft:oak_sapling":2,"minecraft:oak_planks":33,"minecraft:coal":59,"minecraft:diamond_pickaxe":1,"minecraft:cobblestone":272,"minecraft:furnace":1},"minecraft:crafted":{"minecraft:oak_planks":92,"minecraft:iron_boots":1,"minecraft:iron_chestplate":1,"minecraft:cooked_porkchop":1,"minecraft:shield":1,"minecraft:crafting_table":1,"minecraft:stick":12,"minecraft:iron_helmet":1,"minecraft:iron_pickaxe":1,"minecraft:iron_ingot":44,"minecraft:wooden_pickaxe":1,"minecraft:stone_pickaxe":2,"minecraft:iron_leggings":1,"minecraft:furnace":1,"minecraft:stone_axe":1,"minecraft:air":0}},"DataVersion":3700}