{"stats":{"minecraft:mined":{"minecraft:furnace":1,"minecraft:iron_ore":49,"minecraft:andesite":1,"minecraft:crafting_table":2,"minecraft:granite":24,"minecraft:short_grass":6,"minecraft:oak_log":23,"minecraft:grass_block":3,"minecraft:coal_ore":20,"minecraft:dirt":6,"minecraft:copper_ore":7,"minecraft:cobblestone":2,"minecraft:stone":175,"minecraft:diorite":13,"minecraft:oak_leaves":5},"minecraft:used":{"minecraft:stone_pickaxe":149,"minecraft:iron_pickaxe":141,"minecraft:wooden_pickaxe":3,"minecraft:stone_axe":18,"minecraft:dirt":8,"minecraft:cobblestone":11,"minecraft:crafting_table":2,"minecraft:furnace":1,"minecraft:oak_sapling":2,"minecraft:cooked_porkchop":1},"minecraft:broken":{"minecraft:stone_pickaxe":1},"minecraft:custom":{"minecraft:time_since_rest":11538,"minecraft:interact_with_furnace":9,"minecraft:sprint_one_cm":50435,"minecraft:damage_taken":340,"minecraft:walk_one_cm":36978,"minecraft:swim_one_cm":624,"minecraft:interact_with_crafting_table":9,"minecraft:fly_one_cm":26726,"minecraft:crouch_one_cm":13898,"minecraft:play_time":17969,"minecraft:deaths":1,"minecraft:sneak_time":4711,"minecraft:walk_under_water_one_cm":176,"minecraft:jump":214,"minecraft:walk_on_water_one_cm":1329,"minecraft:time_since_death":11506,"minecraft:total_world_time":17969,"minecraft:fall_one_cm":8999},"minecraft:picked_up":{"minecraft:wooden_axe":1,"minecraft:raw_iron":49,"minecraft:stick":2,"minecraft:crafting_table":3,"minecraft:cooked_porkchop":3,"minecraft:andesite":1,"minecraft:wooden_pickaxe":2,"minecraft:oak_log":35,"minecraft:diorite":13,"minecraft:dirt":12,"minecraft:raw_copper":22,"minecraft:stone_axe":1,"minecraft:wheat_seeds":2,"minecraft:granite":23,"minecraft:stone_pickaxe":1,"minecraft:oak_sapling":2,"minecraft:oak_planks":33,"minecraft:coal":59,"minecraft:cobblestone":218,"minecraft:furnace":1},"minecraft:crafted":{"minecraft:oak_planks":92,"minecraft:cooked_porkchop":1,"minecraft:shield":1,"minecraft:crafting_table":1,"minecraft:stick":12,"minecraft:iron_pickaxe":1,"minecraft:iron_ingot":4,"minecraft:wooden_pickaxe":1,"minecraft:stone_pickaxe":2,"minecraft:furnace":1,"minecraft:stone_axe":1,"minecraft:air":0}},"DataVersion":3700}