{"stats":{"minecraft:mined":{"minecraft:diamond_ore":2,"minecraft:tuff":49,"minecraft:deepslate_diamond_ore":20,"minecraft:crafting_table":2,"minecraft:granite":24,"minecraft:short_grass":6,"minecraft:grass_block":3,"minecraft:copper_ore":7,"minecraft:cobblestone":6,"minecraft:diorite":13,"minecraft:raw_iron_block":3,"minecraft:furnace":1,"minecraft:iron_ore":83,"minecraft:andesite":5,"minecraft:deepslate_lapis_ore":3,"minecraft:coal_ore":20,"minecraft:oak_log":23,"minecraft:deepslate_iron_ore":97,"minecraft:dirt":6,"minecraft:stone":265,"minecraft:oak_leaves":5,"minecraft:deepslate":82},"minecraft:killed":{"minecraft:spider":1,"minecraft:skeleton":1},"minecraft:used":{"minecraft:stone_pickaxe":149,"minecraft:wooden_pickaxe":3,"minecraft:shield":6,"minecraft:dirt":8,"minecraft:crafting_table":2,"minecraft:diamond_pickaxe":379,"minecraft:iron_pickaxe":150,"minecraft:stone_axe":22,"minecraft:cobblestone":51,"minecraft:oak_sapling":2,"minecraft:furnace":2,"minecraft:cooked_porkchop":2,"minecraft:cobbled_deepslate":7,"minecraft:iron_leggings":1},"minecraft:dropped":{"minecraft:cooked_porkchop":2},"minecraft:broken":{"minecraft:stone_pickaxe":1},"minecraft:custom":{"minecraft:interact_with_furnace":24,"minecraft:mob_kills":2,"minecraft:interact_with_crafting_table":19,"minecraft:time_since_death":35506,"minecraft:time_since_rest":35538,"minecraft:sprint_one_cm":77850,"minecraft:damage_taken":590,"minecraft:walk_one_cm":87013,"minecraft:damage_blocked_by_shield":219,"minecraft:drop":2,"minecraft:damage_dealt":360,"minecraft:swim_one_cm":624,"minecraft:fly_one_cm":31086,"minecraft:crouch_one_cm":25675,"minecraft:play_time":41969,"minecraft:deaths":1,"minecraft:sneak_time":9988,"minecraft:walk_under_water_one_cm":176,"minecraft:jump":389,"minecraft:walk_on_water_one_cm":1329,"minecraft:total_world_time":41969,"minecraft:fall_one_cm":13259},"minecraft:picked_up":{"minecraft:wooden_axe":1,"minecraft:crafting_table":3,"minecraft:andesite":5,"minecraft:wooden_pickaxe":2,"minecraft:tuff":48,"minecraft:oak_log":35,"minecraft:lapis_lazuli":14,"minecraft:dirt":12,"minecraft:raw_copper":22,"minecraft:iron_axe":1,"minecraft:wheat_seeds":2,"minecraft:cobbled_deepslate":82,"minecraft:stone_pickaxe":2,"minecraft:iron_pickaxe":1,"minecraft:oak_planks":33,"minecraft:furnace":1,"minecraft:stick":2,"minecraft:raw_iron":180,"minecraft:cooked_porkchop":3,"minecraft:raw_iron_block":3,"minecraft:diorite":13,"minecraft:arrow":2,"minecraft:diamond":22,"minecraft:stone_axe":2,"minecraft:granite":23,"minecraft:oak_sapling":2,"minecraft:coal":59,"minecraft:cobblestone":293,"minecraft:diamond_pickaxe":1},"minecraft:crafted":{"minecraft:oak_planks":92,"minecraft:raw_iron":27,"minecraft:cooked_porkchop":1,"minecraft:crafting_table":1,"minecraft:wooden_pickaxe":1,"minecraft:iron_helmet":1,"minecraft:furnace":1,"minecraft:bucket":1,"minecraft:stone_axe":1,"minecraft:air":0,"minecraft:iron_boots":1,"minecraft:iron_chestplate":1,"minecraft:shield":1,"minecraft:stick":12,"minecraft:iron_ingot":44,"minecraft:iron_pickaxe":1,"minecraft:stone_pickaxe":2,"minecraft:iron_leggings":1}},"DataVersion":3700}