{"stats":{"minecraft:mined":{"minecraft:white_bed":2,"minecraft:crafting_table":4,"minecraft:torch":5,"minecraft:short_grass":8,"minecraft:grass_block":2,"minecraft:tall_grass":1,"minecraft:sugar_cane":8,"minecraft:wall_torch":3,"minecraft:hay_block":14,"minecraft:furnace":1,"minecraft:carrots":5,"minecraft:iron_ore":2,"minecraft:wheat":17,"minecraft:coal_ore":51,"minecraft:potatoes":4,"minecraft:oak_log":98,"minecraft:beetroots":1,"minecraft:stone":22,"minecraft:oak_leaves":15},"minecraft:killed":{"minecraft:pig":6,"minecraft:sheep":8,"minecraft:zombie":4,"minecraft:cow":10},"minecraft:used":{"minecraft:stone_sword":99,"minecraft:stone_pickaxe":64,"minecraft:wooden_pickaxe":14,"minecraft:rotten_flesh":1,"minecraft:torch":15,"minecraft:dirt":1,"minecraft:crafting_table":4,"minecraft:white_bed":1,"minecraft:wooden_axe":1,"minecraft:apple":1,"minecraft:bread":2,"minecraft:stone_axe":122,"minecraft:furnace":1,"minecraft:oak_boat":1,"minecraft:cooked_beef":2},"minecraft:dropped":{"minecraft:wheat_seeds":19,"minecraft:cobblestone":5,"minecraft:oak_planks":3,"minecraft:stick":4,"minecraft:dirt":1,"minecraft:wooden_axe":1,"minecraft:beetroot_seeds":1,"minecraft:oak_boat":1,"minecraft:oak_sapling":3,"minecraft:wooden_pickaxe":1},"minecraft:broken":{"minecraft:stone_axe":1},"minecraft:custom":{"minecraft:interact_with_furnace":4,"minecraft:mob_kills":28,"minecraft:interact_with_crafting_table":4,"minecraft:time_since_death":29962,"minecraft:sleep_in_bed":1,"minecraft:time_since_rest":2855,"minecraft:sprint_one_cm":51668,"minecraft:damage_taken":275,"minecraft:walk_one_cm":108815,"minecraft:drop":39,"minecraft:damage_dealt":3001,"minecraft:swim_one_cm":1836,"minecraft:fly_one_cm":71721,"minecraft:open_chest":1,"minecraft:crouch_one_cm":1204,"minecraft:play_time":29962,"minecraft:sneak_time":950,"minecraft:walk_under_water_one_cm":2418,"minecraft:boat_one_cm":89790,"minecraft:jump":444,"minecraft:walk_on_water_one_cm":1339,"minecraft:total_world_time":29962,"minecraft:fall_one_cm":9577},"minecraft:picked_up":{"minecraft:crafting_table":4,"minecraft:leather":12,"minecraft:potato":4,"minecraft:oak_log":97,"minecraft:dirt":2,"minecraft:apple":1,"minecraft:wheat_seeds":19,"minecraft:beef":17,"minecraft:oak_boat":1,"minecraft:sugar_cane":23,"minecraft:furnace":1,"minecraft:stick":4,"minecraft:raw_iron":2,"minecraft:torch":8,"minecraft:porkchop":11,"minecraft:white_bed":2,"minecraft:carrot":5,"minecraft:rotten_flesh":4,"minecraft:beetroot_seeds":1,"minecraft:hay_block":14,"minecraft:oak_sapling":3,"minecraft:mutton":13,"minecraft:coal":98,"minecraft:white_wool":8,"minecraft:cobblestone":21},"minecraft:crafted":{"minecraft:cooked_beef":2,"minecraft:oak_planks":24,"minecraft:crafting_table":1,"minecraft:wooden_pickaxe":1,"minecraft:furnace":1,"minecraft:stone_axe":1,"minecraft:air":0,"minecraft:oak_boat":1,"minecraft:stick":12,"minecraft:stone_pickaxe":1,"minecraft:wooden_axe":1,"minecraft:stone_sword":1,"minecraft:torch":12}},"DataVersion":3700}