{"stats":{"minecraft:mined":{"minecraft:furnace":1,"minecraft:iron_ore":2,"minecraft:torch":3,"minecraft:crafting_table":3,"minecraft:short_grass":2,"minecraft:oak_log":98,"minecraft:grass_block":1,"minecraft:coal_ore":51,"minecraft:stone":22,"minecraft:oak_leaves":15,"minecraft:wall_torch":1},"minecraft:killed":{"minecraft:pig":1,"minecraft:zombie":2,"minecraft:cow":1},"minecraft:used":{"minecraft:wooden_axe":1,"minecraft:apple":1,"minecraft:stone_sword":5,"minecraft:stone_pickaxe":64,"minecraft:wooden_pickaxe":14,"minecraft:rotten_flesh":1,"minecraft:torch":11,"minecraft:stone_axe":114,"minecraft:dirt":1,"minecraft:crafting_table":3,"minecraft:furnace":1,"minecraft:cooked_beef":1},"minecraft:custom":{"minecraft:time_since_rest":17962,"minecraft:interact_with_furnace":4,"minecraft:sprint_one_cm":26442,"minecraft:damage_taken":200,"minecraft:walk_one_cm":66330,"minecraft:mob_kills":4,"minecraft:damage_dealt":582,"minecraft:interact_with_crafting_table":3,"minecraft:fly_one_cm":29661,"minecraft:crouch_one_cm":1204,"minecraft:play_time":17962,"minecraft:sneak_time":887,"minecraft:jump":227,"minecraft:time_since_death":17962,"minecraft:walk_on_water_one_cm":811,"minecraft:total_world_time":17962,"minecraft:fall_one_cm":5339},"minecraft:picked_up":{"minecraft:stick":4,"minecraft:raw_iron":2,"minecraft:crafting_table":3,"minecraft:leather":1,"minecraft:torch":4,"minecraft:porkchop":1,"minecraft:oak_log":97,"minecraft:dirt":1,"minecraft:rotten_flesh":1,"minecraft:apple":1,"minecraft:beef":2,"minecraft:oak_sapling":3,"minecraft:coal":98,"minecraft:cobblestone":21,"minecraft:furnace":1},"minecraft:crafted":{"minecraft:cooked_beef":2,"minecraft:oak_planks":20,"minecraft:crafting_table":1,"minecraft:stick":12,"minecraft:wooden_pickaxe":1,"minecraft:stone_pickaxe":1,"minecraft:wooden_axe":1,"minecraft:stone_sword":1,"minecraft:furnace":1,"minecraft:torch":12,"minecraft:stone_axe":1,"minecraft:air":0}},"DataVersion":3700}