{"stats":{"minecraft:mined":{"minecraft:white_bed":3,"minecraft:smoker":1,"minecraft:dandelion":1,"minecraft:crafting_table":5,"minecraft:cornflower":1,"minecraft:torch":5,"minecraft:short_grass":18,"minecraft:grass_block":2,"minecraft:tall_grass":1,"minecraft:sugar_cane":8,"minecraft:wall_torch":5,"minecraft:hay_block":14,"minecraft:furnace":1,"minecraft:carrots":5,"minecraft:iron_ore":2,"minecraft:wheat":17,"minecraft:coal_ore":55,"minecraft:potatoes":4,"minecraft:oak_log":98,"minecraft:beetroots":1,"minecraft:stone":22,"minecraft:white_wool":8,"minecraft:oak_leaves":15},"minecraft:killed":{"minecraft:pig":12,"minecraft:iron_golem":1,"minecraft:sheep":13,"minecraft:zombie":4,"minecraft:cow":10},"minecraft:used":{"minecraft:stone_sword":149,"minecraft:stone_pickaxe":101,"minecraft:wooden_pickaxe":14,"minecraft:rotten_flesh":1,"minecraft:white_wool":8,"minecraft:torch":17,"minecraft:dirt":1,"minecraft:crafting_table":5,"minecraft:white_bed":2,"minecraft:wooden_axe":1,"minecraft:apple":1,"minecraft:bread":4,"minecraft:stone_axe":122,"minecraft:furnace":1,"minecraft:yellow_bed":1,"minecraft:oak_boat":1,"minecraft:cooked_beef":2},"minecraft:dropped":{"minecraft:wheat_seeds":19,"minecraft:rotten_flesh":3,"minecraft:cobblestone":5,"minecraft:oak_planks":3,"minecraft:stick":4,"minecraft:dirt":1,"minecraft:cornflower":1,"minecraft:wooden_axe":1,"minecraft:beetroot_seeds":1,"minecraft:oak_boat":1,"minecraft:oak_sapling":3,"minecraft:wooden_pickaxe":1},"minecraft:broken":{"minecraft:stone_sword":1,"minecraft:stone_axe":1},"minecraft:custom":{"minecraft:interact_with_furnace":4,"minecraft:mob_kills":41,"minecraft:interact_with_crafting_table":5,"minecraft:time_since_death":41962,"minecraft:sleep_in_bed":2,"minecraft:time_since_rest":11586,"minecraft:sprint_one_cm":84605,"minecraft:damage_taken":285,"minecraft:walk_one_cm":155792,"minecraft:drop":43,"minecraft:damage_dealt":5136,"minecraft:swim_one_cm":1836,"minecraft:fly_one_cm":126331,"minecraft:open_chest":5,"minecraft:crouch_one_cm":2015,"minecraft:play_time":41962,"minecraft:sneak_time":1555,"minecraft:walk_under_water_one_cm":2536,"minecraft:boat_one_cm":89790,"minecraft:jump":746,"minecraft:walk_on_water_one_cm":2441,"minecraft:interact_with_smoker":8,"minecraft:total_world_time":41962,"minecraft:fall_one_cm":16716},"minecraft:picked_up":{"minecraft:crafting_table":5,"minecraft:leather":12,"minecraft:smoker":1,"minecraft:potato":4,"minecraft:oak_log":97,"minecraft:yellow_bed":1,"minecraft:cornflower":1,"minecraft:dirt":2,"minecraft:apple":1,"minecraft:wheat_seeds":20,"minecraft:iron_ingot":3,"minecraft:beef":17,"minecraft:oak_boat":1,"minecraft:sugar_cane":23,"minecraft:furnace":1,"minecraft:stick":4,"minecraft:raw_iron":2,"minecraft:torch":10,"minecraft:porkchop":26,"minecraft:white_bed":3,"minecraft:carrot":5,"minecraft:rotten_flesh":4,"minecraft:beetroot_seeds":1,"minecraft:hay_block":14,"minecraft:oak_sapling":3,"minecraft:mutton":20,"minecraft:coal":102,"minecraft:white_wool":21,"minecraft:cobblestone":21},"minecraft:crafted":{"minecraft:cooked_beef":17,"minecraft:oak_planks":24,"minecraft:cooked_porkchop":11,"minecraft:crafting_table":1,"minecraft:wooden_pickaxe":1,"minecraft:furnace":1,"minecraft:stone_axe":1,"minecraft:bread":42,"minecraft:cooked_mutton":19,"minecraft:air":0,"minecraft:oak_boat":1,"minecraft:stick":12,"minecraft:stone_pickaxe":1,"minecraft:wooden_axe":1,"minecraft:stone_sword":1,"minecraft:torch":12,"minecraft:wheat":126}},"DataVersion":3700}