{"stats":{"minecraft:mined":{"minecraft:grass_block":1,"minecraft:short_grass":1,"minecraft:oak_log":14,"minecraft:stone":14,"minecraft:oak_leaves":2,"minecraft:crafting_table":2},"minecraft:killed":{"minecraft:zombie":1},"minecraft:used":{"minecraft:stone_axe":12,"minecraft:wooden_axe":1,"minecraft:crafting_table":2,"minecraft:wooden_pickaxe":14},"minecraft:custom":{"minecraft:time_since_rest":5962,"minecraft:crouch_one_cm":543,"minecraft:play_time":5962,"minecraft:sprint_one_cm":9868,"minecraft:damage_taken":175,"minecraft:walk_one_cm":19015,"minecraft:sneak_time":315,"minecraft:mob_kills":1,"minecraft:jump":84,"minecraft:damage_dealt":193,"minecraft:walk_on_water_one_cm":40,"minecraft:time_since_death":5962,"minecraft:total_world_time":5962,"minecraft:interact_with_crafting_table":2,"minecraft:fall_one_cm":1639,"minecraft:fly_one_cm":14088},"minecraft:picked_up":{"minecraft:crafting_table":2,"minecraft:oak_log":14,"minecraft:dirt":1,"minecraft:cobblestone":14},"minecraft:crafted":{"minecraft:stone_sword":1,"minecraft:oak_planks":20,"minecraft:stone_axe":1,"minecraft:crafting_table":1,"minecraft:stick":12,"minecraft:wooden_pickaxe":1,"minecraft:stone_pickaxe":1,"minecraft:wooden_axe":1}},"DataVersion":3700}