{"stats":{"minecraft:mined":{"minecraft:grass_block":1,"minecraft:birch_log":4,"minecraft:spruce_log":3,"minecraft:spruce_leaves":21,"minecraft:large_fern":2},"minecraft:used":{"minecraft:golden_hoe":24,"minecraft:dirt":1,"minecraft:flint_and_steel":49,"minecraft:crafting_table":1,"minecraft:light_weighted_pressure_plate":1,"minecraft:porkchop":3,"minecraft:birch_boat":1},"minecraft:picked_up":{"minecraft:birch_log":4,"minecraft:porkchop":3,"minecraft:spruce_sapling":4,"minecraft:spruce_log":3,"minecraft:dirt":1},"minecraft:custom":{"minecraft:open_chest":1,"minecraft:time_since_rest":9278,"minecraft:crouch_one_cm":2,"minecraft:play_time":9278,"minecraft:sprint_one_cm":36661,"minecraft:damage_taken":100,"minecraft:walk_one_cm":5350,"minecraft:sneak_time":52,"minecraft:walk_under_water_one_cm":766,"minecraft:mob_kills":1,"minecraft:boat_one_cm":54894,"minecraft:jump":195,"minecraft:damage_dealt":107,"minecraft:leave_game":1,"minecraft:time_since_death":9278,"minecraft:walk_on_water_one_cm":3200,"minecraft:total_world_time":9278,"minecraft:interact_with_crafting_table":1,"minecraft:swim_one_cm":12737,"minecraft:fall_one_cm":5272,"minecraft:fly_one_cm":40015},"minecraft:killed":{"minecraft:pig":1},"minecraft:crafted":{"minecraft:birch_planks":16,"minecraft:crafting_table":1,"minecraft:birch_boat":1}},"DataVersion":3700}