{"stats":{"minecraft:mined":{"minecraft:torch":1,"minecraft:crafting_table":8,"minecraft:glow_lichen":2,"minecraft:short_grass":1,"minecraft:blast_furnace":1,"minecraft:grass_block":1,"minecraft:chest":1,"minecraft:copper_ore":39,"minecraft:spruce_leaves":12,"minecraft:diorite":2,"minecraft:wall_torch":3,"minecraft:large_fern":1,"minecraft:furnace":2,"minecraft:iron_ore":5,"minecraft:wheat":2,"minecraft:spruce_log":1,"minecraft:pointed_dripstone":1,"minecraft:coal_ore":77,"minecraft:oak_log":95,"minecraft:sand":10,"minecraft:dirt":2,"minecraft:gravel":4,"minecraft:stone":167,"minecraft:fern":1,"minecraft:oak_leaves":5},"minecraft:killed":{"minecraft:cat":1,"minecraft:pig":4,"minecraft:salmon":5,"minecraft:rabbit":1,"minecraft:cod":2,"minecraft:sheep":2,"minecraft:horse":1,"minecraft:skeleton":1,"minecraft:zombie":1,"minecraft:cow":1},"minecraft:used":{"minecraft:wheat_seeds":2,"minecraft:diorite":2,"minecraft:stone_sword":115,"minecraft:stone_pickaxe":241,"minecraft:wooden_pickaxe":29,"minecraft:cooked_salmon":2,"minecraft:torch":85,"minecraft:dirt":3,"minecraft:sand":1,"minecraft:crafting_table":8,"minecraft:dripstone_block":1,"minecraft:spruce_log":1,"minecraft:oak_log":1,"minecraft:wooden_axe":53,"minecraft:bread":7,"minecraft:iron_pickaxe":54,"minecraft:gravel":4,"minecraft:stone_axe":35,"minecraft:wooden_sword":8,"minecraft:cobblestone":121,"minecraft:sweet_berries":20,"minecraft:furnace":2,"minecraft:cooked_porkchop":1,"minecraft:cooked_rabbit":1,"minecraft:pumpkin":1,"minecraft:pointed_dripstone":1},"minecraft:dropped":{"minecraft:oak_log":1,"minecraft:raw_copper":203,"minecraft:rabbit_hide":1,"minecraft:wooden_axe":3,"minecraft:wooden_sword":3,"minecraft:stone_pickaxe":2,"minecraft:wooden_pickaxe":4,"minecraft:string":1},"minecraft:broken":{"minecraft:stone_pickaxe":1},"minecraft:custom":{"minecraft:interact_with_furnace":20,"minecraft:mob_kills":19,"minecraft:interact_with_crafting_table":14,"minecraft:leave_game":2,"minecraft:time_since_death":18385,"minecraft:time_since_rest":18463,"minecraft:sprint_one_cm":165833,"minecraft:damage_taken":1647,"minecraft:walk_one_cm":172188,"minecraft:drop":73,"minecraft:damage_dealt":1850,"minecraft:swim_one_cm":35237,"minecraft:fly_one_cm":135721,"minecraft:open_chest":1,"minecraft:crouch_one_cm":1111,"minecraft:play_time":75304,"minecraft:deaths":2,"minecraft:sneak_time":463,"minecraft:walk_under_water_one_cm":33213,"minecraft:jump":1221,"minecraft:interact_with_blast_furnace":1,"minecraft:walk_on_water_one_cm":43752,"minecraft:total_world_time":75304,"minecraft:fall_one_cm":39408},"minecraft:picked_up":{"minecraft:wooden_axe":1,"minecraft:crafting_table":9,"minecraft:salmon":6,"minecraft:leather":1,"minecraft:wooden_pickaxe":2,"minecraft:oak_log":95,"minecraft:dirt":3,"minecraft:string":1,"minecraft:raw_copper":203,"minecraft:wooden_sword":1,"minecraft:wheat_seeds":2,"minecraft:rabbit_hide":1,"minecraft:beef":1,"minecraft:stone_pickaxe":2,"minecraft:rabbit":1,"minecraft:chest":1,"minecraft:oak_planks":44,"minecraft:furnace":2,"minecraft:stick":14,"minecraft:raw_iron":5,"minecraft:pumpkin":1,"minecraft:sweet_berries":62,"minecraft:torch":5,"minecraft:sand":10,"minecraft:dripstone_block":1,"minecraft:gravel":4,"minecraft:porkchop":8,"minecraft:pointed_dripstone":1,"minecraft:blast_furnace":1,"minecraft:diorite":2,"minecraft:spruce_log":1,"minecraft:stone_sword":1,"minecraft:arrow":1,"minecraft:stone_axe":1,"minecraft:black_wool":1,"minecraft:mutton":4,"minecraft:cod":2,"minecraft:coal":78,"minecraft:white_wool":1,"minecraft:cobblestone":180},"minecraft:crafted":{"minecraft:wooden_sword":2,"minecraft:oak_planks":256,"minecraft:cooked_porkchop":2,"minecraft:crafting_table":2,"minecraft:wooden_pickaxe":2,"minecraft:furnace":2,"minecraft:cooked_salmon":3,"minecraft:stone_axe":2,"minecraft:air":0,"minecraft:stick":412,"minecraft:iron_ingot":4,"minecraft:iron_pickaxe":1,"minecraft:stone_pickaxe":4,"minecraft:wooden_axe":2,"minecraft:stone_sword":2,"minecraft:torch":216,"minecraft:cooked_rabbit":1}},"DataVersion":3700}