{"stats":{"minecraft:mined":{"minecraft:crafting_table":4,"minecraft:glow_lichen":2,"minecraft:blast_furnace":1,"minecraft:chest":1,"minecraft:copper_ore":39,"minecraft:diorite":2,"minecraft:wall_torch":3,"minecraft:furnace":1,"minecraft:iron_ore":4,"minecraft:wheat":1,"minecraft:pointed_dripstone":1,"minecraft:coal_ore":51,"minecraft:oak_log":51,"minecraft:stone":126},"minecraft:killed":{"minecraft:cat":1,"minecraft:pig":1,"minecraft:rabbit":1,"minecraft:skeleton":1,"minecraft:zombie":1},"minecraft:used":{"minecraft:wheat_seeds":1,"minecraft:stone_sword":38,"minecraft:stone_pickaxe":188,"minecraft:wooden_pickaxe":9,"minecraft:torch":70,"minecraft:crafting_table":4,"minecraft:dripstone_block":1,"minecraft:oak_log":1,"minecraft:wooden_axe":40,"minecraft:bread":4,"minecraft:iron_pickaxe":37,"minecraft:stone_axe":1,"minecraft:wooden_sword":8,"minecraft:cobblestone":87,"minecraft:furnace":1,"minecraft:cooked_porkchop":1,"minecraft:cooked_rabbit":1,"minecraft:pointed_dripstone":1},"minecraft:dropped":{"minecraft:oak_log":1,"minecraft:raw_copper":203,"minecraft:rabbit_hide":1,"minecraft:wooden_axe":1,"minecraft:wooden_sword":1,"minecraft:stone_pickaxe":2,"minecraft:wooden_pickaxe":2,"minecraft:string":1},"minecraft:broken":{"minecraft:stone_pickaxe":1},"minecraft:custom":{"minecraft:interact_with_furnace":13,"minecraft:mob_kills":5,"minecraft:interact_with_crafting_table":8,"minecraft:leave_game":2,"minecraft:time_since_death":39452,"minecraft:time_since_rest":39452,"minecraft:sprint_one_cm":48440,"minecraft:damage_taken":476,"minecraft:walk_one_cm":89707,"minecraft:drop":67,"minecraft:damage_dealt":720,"minecraft:swim_one_cm":6292,"minecraft:fly_one_cm":38007,"minecraft:open_chest":1,"minecraft:crouch_one_cm":344,"minecraft:play_time":39452,"minecraft:sneak_time":103,"minecraft:walk_under_water_one_cm":12052,"minecraft:jump":566,"minecraft:interact_with_blast_furnace":1,"minecraft:walk_on_water_one_cm":12215,"minecraft:total_world_time":39452,"minecraft:fall_one_cm":16598},"minecraft:picked_up":{"minecraft:crafting_table":4,"minecraft:wooden_pickaxe":1,"minecraft:oak_log":51,"minecraft:string":1,"minecraft:raw_copper":203,"minecraft:wheat_seeds":1,"minecraft:rabbit_hide":1,"minecraft:stone_pickaxe":1,"minecraft:rabbit":1,"minecraft:chest":1,"minecraft:furnace":1,"minecraft:raw_iron":4,"minecraft:torch":4,"minecraft:dripstone_block":1,"minecraft:porkchop":2,"minecraft:pointed_dripstone":1,"minecraft:blast_furnace":1,"minecraft:diorite":2,"minecraft:arrow":1,"minecraft:coal":51,"minecraft:cobblestone":131},"minecraft:crafted":{"minecraft:wooden_sword":1,"minecraft:oak_planks":192,"minecraft:cooked_porkchop":2,"minecraft:crafting_table":1,"minecraft:wooden_pickaxe":1,"minecraft:furnace":1,"minecraft:stone_axe":1,"minecraft:air":0,"minecraft:stick":328,"minecraft:iron_ingot":4,"minecraft:iron_pickaxe":1,"minecraft:stone_pickaxe":3,"minecraft:wooden_axe":1,"minecraft:stone_sword":1,"minecraft:torch":120,"minecraft:cooked_rabbit":1}},"DataVersion":3700}