{"stats":{"minecraft:mined":{"minecraft:torch":1,"minecraft:crafting_table":7,"minecraft:glow_lichen":2,"minecraft:short_grass":1,"minecraft:blast_furnace":1,"minecraft:grass_block":1,"minecraft:chest":1,"minecraft:copper_ore":39,"minecraft:diorite":2,"minecraft:wall_torch":3,"minecraft:furnace":1,"minecraft:iron_ore":4,"minecraft:wheat":2,"minecraft:pointed_dripstone":1,"minecraft:coal_ore":54,"minecraft:oak_log":67,"minecraft:sand":1,"minecraft:dirt":2,"minecraft:gravel":4,"minecraft:stone":159,"minecraft:oak_leaves":1},"minecraft:killed":{"minecraft:cat":1,"minecraft:pig":1,"minecraft:salmon":3,"minecraft:rabbit":1,"minecraft:horse":1,"minecraft:skeleton":1,"minecraft:zombie":1},"minecraft:used":{"minecraft:wheat_seeds":2,"minecraft:diorite":2,"minecraft:stone_sword":68,"minecraft:stone_pickaxe":197,"minecraft:wooden_pickaxe":29,"minecraft:torch":84,"minecraft:dirt":3,"minecraft:sand":1,"minecraft:crafting_table":7,"minecraft:dripstone_block":1,"minecraft:oak_log":1,"minecraft:wooden_axe":53,"minecraft:bread":7,"minecraft:iron_pickaxe":54,"minecraft:gravel":4,"minecraft:stone_axe":3,"minecraft:wooden_sword":8,"minecraft:cobblestone":121,"minecraft:furnace":1,"minecraft:cooked_porkchop":1,"minecraft:cooked_rabbit":1,"minecraft:pointed_dripstone":1},"minecraft:dropped":{"minecraft:oak_log":1,"minecraft:raw_copper":203,"minecraft:rabbit_hide":1,"minecraft:wooden_axe":3,"minecraft:wooden_sword":3,"minecraft:stone_pickaxe":2,"minecraft:wooden_pickaxe":4,"minecraft:string":1},"minecraft:broken":{"minecraft:stone_pickaxe":1},"minecraft:custom":{"minecraft:interact_with_furnace":13,"minecraft:mob_kills":9,"minecraft:interact_with_crafting_table":12,"minecraft:leave_game":2,"minecraft:time_since_death":6385,"minecraft:time_since_rest":6463,"minecraft:sprint_one_cm":131135,"minecraft:damage_taken":1397,"minecraft:walk_one_cm":140864,"minecraft:drop":73,"minecraft:damage_dealt":1167,"minecraft:swim_one_cm":19744,"minecraft:fly_one_cm":123367,"minecraft:open_chest":1,"minecraft:crouch_one_cm":1077,"minecraft:play_time":63304,"minecraft:deaths":2,"minecraft:sneak_time":443,"minecraft:walk_under_water_one_cm":28850,"minecraft:jump":1095,"minecraft:interact_with_blast_furnace":1,"minecraft:walk_on_water_one_cm":36854,"minecraft:total_world_time":63304,"minecraft:fall_one_cm":36866},"minecraft:picked_up":{"minecraft:wooden_axe":1,"minecraft:crafting_table":8,"minecraft:salmon":4,"minecraft:wooden_pickaxe":2,"minecraft:oak_log":67,"minecraft:dirt":3,"minecraft:string":1,"minecraft:raw_copper":203,"minecraft:wooden_sword":1,"minecraft:wheat_seeds":2,"minecraft:rabbit_hide":1,"minecraft:stone_pickaxe":2,"minecraft:rabbit":1,"minecraft:chest":1,"minecraft:oak_planks":44,"minecraft:furnace":1,"minecraft:stick":14,"minecraft:raw_iron":4,"minecraft:torch":5,"minecraft:sand":1,"minecraft:dripstone_block":1,"minecraft:gravel":4,"minecraft:porkchop":2,"minecraft:pointed_dripstone":1,"minecraft:blast_furnace":1,"minecraft:diorite":2,"minecraft:stone_sword":1,"minecraft:arrow":1,"minecraft:stone_axe":1,"minecraft:coal":55,"minecraft:cobblestone":172},"minecraft:crafted":{"minecraft:wooden_sword":2,"minecraft:oak_planks":256,"minecraft:cooked_porkchop":2,"minecraft:crafting_table":2,"minecraft:wooden_pickaxe":2,"minecraft:furnace":1,"minecraft:stone_axe":2,"minecraft:air":0,"minecraft:stick":344,"minecraft:iron_ingot":4,"minecraft:iron_pickaxe":1,"minecraft:stone_pickaxe":4,"minecraft:wooden_axe":2,"minecraft:stone_sword":2,"minecraft:torch":120,"minecraft:cooked_rabbit":1}},"DataVersion":3700}