{"stats":{"minecraft:mined":{"minecraft:iron_ore":4,"minecraft:crafting_table":3,"minecraft:glow_lichen":2,"minecraft:oak_log":51,"minecraft:coal_ore":51,"minecraft:copper_ore":15,"minecraft:stone":120,"minecraft:wall_torch":3},"minecraft:killed":{"minecraft:pig":1,"minecraft:rabbit":1},"minecraft:used":{"minecraft:oak_log":1,"minecraft:wooden_axe":40,"minecraft:stone_sword":3,"minecraft:stone_pickaxe":188,"minecraft:wooden_pickaxe":9,"minecraft:stone_axe":1,"minecraft:torch":22,"minecraft:wooden_sword":8,"minecraft:cobblestone":63,"minecraft:crafting_table":4,"minecraft:cooked_porkchop":1,"minecraft:furnace":1,"minecraft:cooked_rabbit":1},"minecraft:dropped":{"minecraft:rabbit_hide":1,"minecraft:oak_log":1,"minecraft:wooden_axe":1,"minecraft:wooden_sword":1,"minecraft:wooden_pickaxe":2},"minecraft:broken":{"minecraft:stone_pickaxe":1},"minecraft:custom":{"minecraft:time_since_rest":27452,"minecraft:interact_with_furnace":5,"minecraft:sprint_one_cm":19952,"minecraft:damage_taken":150,"minecraft:walk_one_cm":47982,"minecraft:mob_kills":2,"minecraft:drop":6,"minecraft:damage_dealt":134,"minecraft:swim_one_cm":1200,"minecraft:interact_with_crafting_table":5,"minecraft:fly_one_cm":14966,"minecraft:crouch_one_cm":280,"minecraft:play_time":27452,"minecraft:sneak_time":95,"minecraft:walk_under_water_one_cm":9736,"minecraft:jump":350,"minecraft:leave_game":2,"minecraft:walk_on_water_one_cm":10702,"minecraft:time_since_death":27452,"minecraft:total_world_time":27452,"minecraft:fall_one_cm":8430},"minecraft:picked_up":{"minecraft:crafting_table":3,"minecraft:raw_iron":4,"minecraft:torch":3,"minecraft:wooden_pickaxe":1,"minecraft:porkchop":2,"minecraft:oak_log":51,"minecraft:raw_copper":57,"minecraft:rabbit_hide":1,"minecraft:rabbit":1,"minecraft:coal":51,"minecraft:cobblestone":120},"minecraft:crafted":{"minecraft:wooden_sword":1,"minecraft:oak_planks":192,"minecraft:cooked_porkchop":2,"minecraft:crafting_table":1,"minecraft:stick":328,"minecraft:wooden_pickaxe":1,"minecraft:stone_pickaxe":3,"minecraft:wooden_axe":1,"minecraft:stone_sword":1,"minecraft:furnace":1,"minecraft:torch":120,"minecraft:stone_axe":1,"minecraft:cooked_rabbit":1}},"DataVersion":3700}