{"stats":{"minecraft:mined":{"minecraft:torch":1,"minecraft:crafting_table":5,"minecraft:glow_lichen":2,"minecraft:blast_furnace":1,"minecraft:grass_block":1,"minecraft:chest":1,"minecraft:copper_ore":39,"minecraft:diorite":2,"minecraft:wall_torch":3,"minecraft:furnace":1,"minecraft:iron_ore":4,"minecraft:wheat":2,"minecraft:pointed_dripstone":1,"minecraft:coal_ore":52,"minecraft:oak_log":67,"minecraft:dirt":2,"minecraft:gravel":3,"minecraft:stone":155,"minecraft:oak_leaves":1},"minecraft:killed":{"minecraft:cat":1,"minecraft:pig":1,"minecraft:rabbit":1,"minecraft:skeleton":1,"minecraft:zombie":1},"minecraft:used":{"minecraft:wheat_seeds":2,"minecraft:diorite":2,"minecraft:stone_sword":38,"minecraft:stone_pickaxe":188,"minecraft:wooden_pickaxe":29,"minecraft:torch":84,"minecraft:dirt":3,"minecraft:crafting_table":6,"minecraft:dripstone_block":1,"minecraft:oak_log":1,"minecraft:wooden_axe":52,"minecraft:bread":7,"minecraft:iron_pickaxe":54,"minecraft:gravel":3,"minecraft:stone_axe":3,"minecraft:wooden_sword":8,"minecraft:cobblestone":121,"minecraft:furnace":1,"minecraft:cooked_porkchop":1,"minecraft:cooked_rabbit":1,"minecraft:pointed_dripstone":1},"minecraft:dropped":{"minecraft:oak_log":1,"minecraft:raw_copper":203,"minecraft:rabbit_hide":1,"minecraft:wooden_axe":1,"minecraft:wooden_sword":1,"minecraft:stone_pickaxe":2,"minecraft:wooden_pickaxe":2,"minecraft:string":1},"minecraft:broken":{"minecraft:stone_pickaxe":1},"minecraft:custom":{"minecraft:interact_with_furnace":13,"minecraft:mob_kills":5,"minecraft:interact_with_crafting_table":11,"minecraft:leave_game":2,"minecraft:time_since_death":6405,"minecraft:time_since_rest":6425,"minecraft:sprint_one_cm":82779,"minecraft:damage_taken":1217,"minecraft:walk_one_cm":105206,"minecraft:drop":67,"minecraft:damage_dealt":720,"minecraft:swim_one_cm":9658,"minecraft:fly_one_cm":71039,"minecraft:open_chest":1,"minecraft:crouch_one_cm":855,"minecraft:play_time":51304,"minecraft:deaths":1,"minecraft:sneak_time":277,"minecraft:walk_under_water_one_cm":18080,"minecraft:jump":813,"minecraft:interact_with_blast_furnace":1,"minecraft:walk_on_water_one_cm":16695,"minecraft:total_world_time":51304,"minecraft:fall_one_cm":27167},"minecraft:picked_up":{"minecraft:crafting_table":5,"minecraft:wooden_pickaxe":1,"minecraft:oak_log":67,"minecraft:dirt":3,"minecraft:string":1,"minecraft:raw_copper":203,"minecraft:wheat_seeds":2,"minecraft:rabbit_hide":1,"minecraft:stone_pickaxe":1,"minecraft:rabbit":1,"minecraft:chest":1,"minecraft:furnace":1,"minecraft:raw_iron":4,"minecraft:torch":5,"minecraft:dripstone_block":1,"minecraft:gravel":3,"minecraft:porkchop":2,"minecraft:pointed_dripstone":1,"minecraft:blast_furnace":1,"minecraft:diorite":2,"minecraft:arrow":1,"minecraft:coal":52,"minecraft:cobblestone":158},"minecraft:crafted":{"minecraft:wooden_sword":2,"minecraft:oak_planks":256,"minecraft:cooked_porkchop":2,"minecraft:crafting_table":2,"minecraft:wooden_pickaxe":2,"minecraft:furnace":1,"minecraft:stone_axe":1,"minecraft:air":0,"minecraft:stick":344,"minecraft:iron_ingot":4,"minecraft:iron_pickaxe":1,"minecraft:stone_pickaxe":3,"minecraft:wooden_axe":2,"minecraft:stone_sword":1,"minecraft:torch":120,"minecraft:cooked_rabbit":1}},"DataVersion":3700}