{"stats":{"minecraft:mined":{"minecraft:iron_ore":1,"minecraft:crafting_table":2,"minecraft:oak_log":51,"minecraft:coal_ore":30,"minecraft:copper_ore":4,"minecraft:stone":19,"minecraft:wall_torch":1},"minecraft:killed":{"minecraft:pig":1},"minecraft:used":{"minecraft:oak_log":1,"minecraft:wooden_axe":40,"minecraft:stone_pickaxe":48,"minecraft:wooden_pickaxe":9,"minecraft:torch":5,"minecraft:wooden_sword":8,"minecraft:crafting_table":2},"minecraft:dropped":{"minecraft:oak_log":1,"minecraft:wooden_axe":1,"minecraft:wooden_sword":1,"minecraft:wooden_pickaxe":2},"minecraft:custom":{"minecraft:time_since_rest":13026,"minecraft:sprint_one_cm":6345,"minecraft:damage_taken":30,"minecraft:walk_one_cm":30703,"minecraft:mob_kills":1,"minecraft:drop":5,"minecraft:damage_dealt":103,"minecraft:interact_with_crafting_table":2,"minecraft:fly_one_cm":3296,"minecraft:crouch_one_cm":256,"minecraft:play_time":13026,"minecraft:sneak_time":65,"minecraft:jump":74,"minecraft:leave_game":1,"minecraft:time_since_death":13026,"minecraft:total_world_time":13026,"minecraft:fall_one_cm":2475},"minecraft:picked_up":{"minecraft:raw_iron":1,"minecraft:crafting_table":2,"minecraft:torch":1,"minecraft:wooden_pickaxe":1,"minecraft:porkchop":2,"minecraft:oak_log":51,"minecraft:raw_copper":15,"minecraft:coal":30,"minecraft:cobblestone":19},"minecraft:crafted":{"minecraft:wooden_sword":1,"minecraft:oak_planks":28,"minecraft:crafting_table":1,"minecraft:stick":40,"minecraft:wooden_pickaxe":1,"minecraft:stone_pickaxe":1,"minecraft:wooden_axe":1,"minecraft:stone_sword":1,"minecraft:torch":28,"minecraft:stone_axe":1}},"DataVersion":3700}