{"stats":{"minecraft:mined":{"minecraft:iron_ore":3,"minecraft:crafting_table":2,"minecraft:coal_ore":34,"minecraft:oak_log":12,"minecraft:stone":34,"minecraft:sugar_cane":6,"minecraft:oak_leaves":36},"minecraft:killed":{"minecraft:sheep":1},"minecraft:used":{"minecraft:apple":1,"minecraft:stone_pickaxe":27,"minecraft:wooden_pickaxe":59,"minecraft:crafting_table":2,"minecraft:oak_sapling":2},"minecraft:dropped":{"minecraft:oak_log":2},"minecraft:broken":{"minecraft:wooden_pickaxe":1},"minecraft:killed_by":{"minecraft:zombie":1},"minecraft:custom":{"minecraft:time_since_rest":446,"minecraft:sprint_one_cm":20795,"minecraft:damage_taken":244,"minecraft:walk_one_cm":14784,"minecraft:mob_kills":1,"minecraft:drop":2,"minecraft:damage_dealt":131,"minecraft:interact_with_crafting_table":3,"minecraft:swim_one_cm":2380,"minecraft:fly_one_cm":33725,"minecraft:crouch_one_cm":68,"minecraft:play_time":11529,"minecraft:deaths":1,"minecraft:sneak_time":57,"minecraft:walk_under_water_one_cm":115,"minecraft:jump":145,"minecraft:leave_game":2,"minecraft:time_since_death":0,"minecraft:walk_on_water_one_cm":1454,"minecraft:total_world_time":11529,"minecraft:fall_one_cm":3808},"minecraft:picked_up":{"minecraft:stick":2,"minecraft:raw_iron":3,"minecraft:crafting_table":2,"minecraft:oak_log":12,"minecraft:apple":1,"minecraft:oak_sapling":4,"minecraft:sugar_cane":17,"minecraft:mutton":1,"minecraft:coal":34,"minecraft:white_wool":1,"minecraft:cobblestone":34},"minecraft:crafted":{"minecraft:oak_planks":16,"minecraft:crafting_table":1,"minecraft:stick":4,"minecraft:wooden_pickaxe":1,"minecraft:stone_pickaxe":1,"minecraft:furnace":2}},"DataVersion":3700}