{"stats":{"minecraft:mined":{"minecraft:grass_block":28,"minecraft:oak_log":8,"minecraft:oak_sapling":1,"minecraft:rose_bush":4,"minecraft:dirt":91,"minecraft:birch_log":5,"minecraft:stone":26,"minecraft:birch_leaves":53,"minecraft:oak_leaves":7,"minecraft:crafting_table":1},"minecraft:used":{"minecraft:oak_door":1,"minecraft:rose_bush":4,"minecraft:dirt":25,"minecraft:crafting_table":1,"minecraft:oak_sapling":3,"minecraft:wooden_pickaxe":59},"minecraft:dropped":{"minecraft:dirt":1},"minecraft:broken":{"minecraft:wooden_pickaxe":1},"minecraft:custom":{"minecraft:time_since_rest":23657,"minecraft:sprint_one_cm":10720,"minecraft:play_time":23657,"minecraft:walk_one_cm":53227,"minecraft:drop":1,"minecraft:jump":84,"minecraft:leave_game":1,"minecraft:time_since_death":23657,"minecraft:total_world_time":23657,"minecraft:interact_with_crafting_table":2,"minecraft:fall_one_cm":269,"minecraft:fly_one_cm":1309},"minecraft:picked_up":{"minecraft:birch_log":5,"minecraft:crafting_table":1,"minecraft:apple":1,"minecraft:rose_bush":4,"minecraft:oak_log":8,"minecraft:oak_sapling":3,"minecraft:birch_sapling":2,"minecraft:dirt":120,"minecraft:cobblestone":26},"minecraft:crafted":{"minecraft:oak_door":3,"minecraft:oak_planks":16,"minecraft:crafting_table":1,"minecraft:stick":4,"minecraft:wooden_pickaxe":1}},"DataVersion":3700}