{"stats":{"minecraft:mined":{"minecraft:stone":19,"minecraft:grass_block":3,"minecraft:oak_log":4,"minecraft:oak_leaves":4,"minecraft:dirt":35},"minecraft:used":{"minecraft:wooden_pickaxe":38,"minecraft:dirt":3,"minecraft:crafting_table":1},"minecraft:custom":{"minecraft:jump":20,"minecraft:time_since_rest":11973,"minecraft:sprint_one_cm":984,"minecraft:play_time":11973,"minecraft:time_since_death":11973,"minecraft:walk_one_cm":11501,"minecraft:total_world_time":11973,"minecraft:interact_with_crafting_table":1,"minecraft:fly_one_cm":502},"minecraft:picked_up":{"minecraft:oak_log":4,"minecraft:dirt":35,"minecraft:cobblestone":19},"minecraft:crafted":{"minecraft:crafting_table":1,"minecraft:oak_planks":16,"minecraft:stick":4,"minecraft:wooden_pickaxe":1}},"DataVersion":3700}