{"stats":{"minecraft:mined":{"minecraft:large_fern":1,"minecraft:powder_snow":1,"minecraft:short_grass":10,"minecraft:oak_log":8,"minecraft:grass_block":3,"minecraft:coal_ore":2,"minecraft:dirt":6,"minecraft:tall_grass":2,"minecraft:spruce_leaves":2,"minecraft:stone":33,"minecraft:oak_leaves":1,"minecraft:fern":1},"minecraft:killed":{"minecraft:sheep":2,"minecraft:pig":1},"minecraft:used":{"minecraft:stone_sword":3,"minecraft:wooden_pickaxe":16,"minecraft:golden_leggings":1,"minecraft:golden_helmet":1,"minecraft:dirt":1,"minecraft:mutton":2,"minecraft:cobblestone":16,"minecraft:crafting_table":1,"minecraft:porkchop":2,"minecraft:golden_chestplate":1,"minecraft:enchanted_golden_apple":3,"minecraft:golden_pickaxe":24},"minecraft:dropped":{"minecraft:wheat_seeds":1,"minecraft:golden_pickaxe":1,"minecraft:golden_leggings":1},"minecraft:custom":{"minecraft:time_since_rest":4830,"minecraft:sprint_one_cm":116301,"minecraft:damage_taken":38,"minecraft:walk_one_cm":111516,"minecraft:mob_kills":3,"minecraft:drop":3,"minecraft:damage_dealt":440,"minecraft:interact_with_crafting_table":4,"minecraft:fly_one_cm":237838,"minecraft:open_chest":2,"minecraft:play_time":22536,"minecraft:deaths":1,"minecraft:sneak_time":150,"minecraft:walk_under_water_one_cm":1001,"minecraft:jump":349,"minecraft:leave_game":1,"minecraft:walk_on_water_one_cm":1143,"minecraft:time_since_death":4810,"minecraft:total_world_time":22536,"minecraft:fall_one_cm":2963},"minecraft:picked_up":{"minecraft:porkchop":2,"minecraft:oak_log":8,"minecraft:dirt":9,"minecraft:wheat_seeds":2,"minecraft:sugar_cane":3,"minecraft:mutton":2,"minecraft:coal":2,"minecraft:white_wool":2,"minecraft:cobblestone":31},"minecraft:crafted":{"minecraft:oak_planks":24,"minecraft:crafting_table":1,"minecraft:stick":16,"minecraft:wooden_pickaxe":1,"minecraft:stone_sword":1,"minecraft:stone_axe":3}},"DataVersion":3700}