{"stats":{"minecraft:mined":{"minecraft:large_fern":1,"minecraft:short_grass":9,"minecraft:tall_grass":2,"minecraft:spruce_leaves":2,"minecraft:powder_snow":1,"minecraft:fern":1},"minecraft:picked_up":{"minecraft:wheat_seeds":2,"minecraft:porkchop":2,"minecraft:mutton":2,"minecraft:white_wool":2},"minecraft:used":{"minecraft:mutton":2,"minecraft:porkchop":2},"minecraft:custom":{"minecraft:time_since_rest":11228,"minecraft:play_time":11228,"minecraft:sprint_one_cm":94051,"minecraft:damage_taken":38,"minecraft:walk_one_cm":76117,"minecraft:walk_under_water_one_cm":194,"minecraft:mob_kills":3,"minecraft:drop":1,"minecraft:jump":267,"minecraft:damage_dealt":290,"minecraft:time_since_death":11228,"minecraft:walk_on_water_one_cm":1093,"minecraft:total_world_time":11228,"minecraft:fly_one_cm":43507,"minecraft:fall_one_cm":2754},"minecraft:dropped":{"minecraft:wheat_seeds":1},"minecraft:killed":{"minecraft:sheep":2,"minecraft:pig":1}},"DataVersion":3700}