{"stats":{"minecraft:mined":{"minecraft:tuff":9,"minecraft:deepslate_diamond_ore":22,"minecraft:powder_snow":1,"minecraft:obsidian":4,"minecraft:crafting_table":5,"minecraft:granite":9,"minecraft:short_grass":15,"minecraft:grass_block":4,"minecraft:cobblestone":5,"minecraft:tall_grass":2,"minecraft:spruce_leaves":2,"minecraft:deepslate_gold_ore":1,"minecraft:wall_torch":1,"minecraft:large_fern":1,"minecraft:seagrass":2,"minecraft:tall_seagrass":1,"minecraft:birch_log":7,"minecraft:iron_ore":42,"minecraft:deepslate_lapis_ore":4,"minecraft:coal_ore":32,"minecraft:oak_log":23,"minecraft:deepslate_iron_ore":14,"minecraft:dirt":10,"minecraft:stone":240,"minecraft:deepslate":52,"minecraft:oak_leaves":4,"minecraft:fern":1},"minecraft:killed":{"minecraft:pig":1,"minecraft:salmon":4,"minecraft:sheep":3,"minecraft:skeleton":2,"minecraft:zombie":3},"minecraft:used":{"minecraft:stone_sword":34,"minecraft:stone_pickaxe":131,"minecraft:shield":6,"minecraft:wooden_pickaxe":60,"minecraft:cooked_salmon":4,"minecraft:rotten_flesh":1,"minecraft:iron_chestplate":1,"minecraft:torch":73,"minecraft:dirt":2,"minecraft:mutton":2,"minecraft:crafting_table":8,"minecraft:diamond_helmet":1,"minecraft:golden_chestplate":1,"minecraft:granite":9,"minecraft:diamond_pickaxe":26,"minecraft:iron_pickaxe":199,"minecraft:iron_helmet":1,"minecraft:iron_boots":1,"minecraft:golden_leggings":1,"minecraft:golden_helmet":1,"minecraft:stone_axe":28,"minecraft:diamond_chestplate":1,"minecraft:cobblestone":75,"minecraft:furnace":3,"minecraft:porkchop":2,"minecraft:golden_pickaxe":24,"minecraft:enchanted_golden_apple":3},"minecraft:dropped":{"minecraft:wheat_seeds":1,"minecraft:golden_pickaxe":1,"minecraft:iron_helmet":1,"minecraft:iron_chestplate":2,"minecraft:golden_leggings":1},"minecraft:broken":{"minecraft:stone_pickaxe":1,"minecraft:wooden_pickaxe":1},"minecraft:custom":{"minecraft:interact_with_furnace":22,"minecraft:mob_kills":13,"minecraft:interact_with_crafting_table":25,"minecraft:leave_game":1,"minecraft:time_since_death":40810,"minecraft:time_since_rest":40830,"minecraft:sprint_one_cm":178963,"minecraft:damage_taken":224,"minecraft:walk_one_cm":196915,"minecraft:damage_blocked_by_shield":173,"minecraft:drop":6,"minecraft:damage_dealt":1719,"minecraft:swim_one_cm":13169,"minecraft:fly_one_cm":260784,"minecraft:open_chest":2,"minecraft:crouch_one_cm":1526,"minecraft:play_time":58536,"minecraft:deaths":1,"minecraft:sneak_time":1279,"minecraft:walk_under_water_one_cm":22587,"minecraft:jump":740,"minecraft:walk_on_water_one_cm":18459,"minecraft:total_world_time":58536,"minecraft:fall_one_cm":6315},"minecraft:picked_up":{"minecraft:birch_log":7,"minecraft:iron_chestplate":1,"minecraft:crafting_table":5,"minecraft:salmon":4,"minecraft:tuff":9,"minecraft:oak_log":23,"minecraft:lapis_lazuli":20,"minecraft:dirt":15,"minecraft:bone":2,"minecraft:wheat_seeds":2,"minecraft:cobbled_deepslate":52,"minecraft:raw_gold":1,"minecraft:sugar_cane":3,"minecraft:raw_iron":56,"minecraft:torch":1,"minecraft:porkchop":2,"minecraft:rotten_flesh":1,"minecraft:diamond":22,"minecraft:granite":9,"minecraft:obsidian":4,"minecraft:mutton":3,"minecraft:coal":32,"minecraft:white_wool":3,"minecraft:cobblestone":235},"minecraft:crafted":{"minecraft:oak_planks":92,"minecraft:crafting_table":4,"minecraft:wooden_pickaxe":1,"minecraft:iron_helmet":1,"minecraft:furnace":3,"minecraft:cooked_salmon":4,"minecraft:birch_planks":28,"minecraft:stone_axe":3,"minecraft:air":0,"minecraft:diamond_helmet":1,"minecraft:iron_boots":1,"minecraft:iron_chestplate":1,"minecraft:diamond_pickaxe":1,"minecraft:shield":1,"minecraft:stick":92,"minecraft:iron_ingot":23,"minecraft:iron_pickaxe":1,"minecraft:stone_pickaxe":1,"minecraft:stone_sword":1,"minecraft:torch":100,"minecraft:diamond_chestplate":1}},"DataVersion":3700}