{"stats":{"minecraft:mined":{"minecraft:powder_snow":1,"minecraft:crafting_table":2,"minecraft:granite":9,"minecraft:short_grass":15,"minecraft:grass_block":4,"minecraft:cobblestone":5,"minecraft:tall_grass":2,"minecraft:spruce_leaves":2,"minecraft:wall_torch":1,"minecraft:large_fern":1,"minecraft:seagrass":2,"minecraft:tall_seagrass":1,"minecraft:birch_log":7,"minecraft:iron_ore":42,"minecraft:coal_ore":32,"minecraft:oak_log":23,"minecraft:dirt":10,"minecraft:stone":240,"minecraft:oak_leaves":4,"minecraft:fern":1},"minecraft:killed":{"minecraft:pig":1,"minecraft:salmon":4,"minecraft:sheep":3,"minecraft:skeleton":1},"minecraft:used":{"minecraft:stone_sword":20,"minecraft:stone_pickaxe":131,"minecraft:shield":4,"minecraft:wooden_pickaxe":60,"minecraft:cooked_salmon":2,"minecraft:iron_chestplate":1,"minecraft:torch":43,"minecraft:dirt":2,"minecraft:mutton":2,"minecraft:crafting_table":4,"minecraft:golden_chestplate":1,"minecraft:granite":9,"minecraft:iron_pickaxe":119,"minecraft:iron_helmet":1,"minecraft:iron_boots":1,"minecraft:golden_leggings":1,"minecraft:golden_helmet":1,"minecraft:stone_axe":25,"minecraft:cobblestone":65,"minecraft:furnace":3,"minecraft:porkchop":2,"minecraft:golden_pickaxe":24,"minecraft:enchanted_golden_apple":3},"minecraft:dropped":{"minecraft:wheat_seeds":1,"minecraft:golden_pickaxe":1,"minecraft:golden_leggings":1},"minecraft:broken":{"minecraft:stone_pickaxe":1,"minecraft:wooden_pickaxe":1},"minecraft:custom":{"minecraft:interact_with_furnace":22,"minecraft:mob_kills":9,"minecraft:interact_with_crafting_table":15,"minecraft:leave_game":1,"minecraft:time_since_death":28810,"minecraft:time_since_rest":28830,"minecraft:sprint_one_cm":169721,"minecraft:damage_taken":82,"minecraft:walk_one_cm":164298,"minecraft:damage_blocked_by_shield":113,"minecraft:drop":3,"minecraft:damage_dealt":1174,"minecraft:swim_one_cm":13169,"minecraft:fly_one_cm":257595,"minecraft:open_chest":2,"minecraft:crouch_one_cm":1513,"minecraft:play_time":46536,"minecraft:deaths":1,"minecraft:sneak_time":1213,"minecraft:walk_under_water_one_cm":6133,"minecraft:jump":593,"minecraft:walk_on_water_one_cm":6425,"minecraft:total_world_time":46536,"minecraft:fall_one_cm":5291},"minecraft:picked_up":{"minecraft:birch_log":7,"minecraft:crafting_table":2,"minecraft:salmon":4,"minecraft:oak_log":23,"minecraft:dirt":15,"minecraft:bone":2,"minecraft:wheat_seeds":2,"minecraft:sugar_cane":3,"minecraft:raw_iron":42,"minecraft:torch":1,"minecraft:porkchop":2,"minecraft:granite":9,"minecraft:mutton":3,"minecraft:coal":32,"minecraft:white_wool":3,"minecraft:cobblestone":235},"minecraft:crafted":{"minecraft:oak_planks":24,"minecraft:crafting_table":2,"minecraft:wooden_pickaxe":1,"minecraft:iron_helmet":1,"minecraft:furnace":3,"minecraft:cooked_salmon":4,"minecraft:birch_planks":28,"minecraft:stone_axe":3,"minecraft:air":0,"minecraft:iron_boots":1,"minecraft:iron_chestplate":1,"minecraft:shield":1,"minecraft:stick":64,"minecraft:iron_ingot":23,"minecraft:iron_pickaxe":1,"minecraft:stone_pickaxe":1,"minecraft:stone_sword":1,"minecraft:torch":56}},"DataVersion":3700}