{"stats":{"minecraft:mined":{"minecraft:tuff":10,"minecraft:deepslate_diamond_ore":30,"minecraft:powder_snow":1,"minecraft:obsidian":4,"minecraft:crafting_table":6,"minecraft:granite":9,"minecraft:short_grass":18,"minecraft:grass_block":4,"minecraft:cobblestone":5,"minecraft:tall_grass":7,"minecraft:spruce_leaves":26,"minecraft:deepslate_gold_ore":1,"minecraft:wall_torch":1,"minecraft:large_fern":3,"minecraft:seagrass":2,"minecraft:tall_seagrass":1,"minecraft:birch_log":7,"minecraft:iron_ore":42,"minecraft:spruce_log":16,"minecraft:deepslate_lapis_ore":4,"minecraft:coal_ore":32,"minecraft:oak_log":23,"minecraft:deepslate_iron_ore":19,"minecraft:dirt":10,"minecraft:stone":240,"minecraft:deepslate":74,"minecraft:oak_leaves":4,"minecraft:fern":1},"minecraft:killed":{"minecraft:pig":8,"minecraft:salmon":9,"minecraft:horse":1,"minecraft:sheep":7,"minecraft:skeleton":2,"minecraft:zombie":3},"minecraft:used":{"minecraft:diamond_boots":1,"minecraft:stone_sword":34,"minecraft:stone_pickaxe":131,"minecraft:shield":6,"minecraft:wooden_pickaxe":60,"minecraft:iron_sword":10,"minecraft:diamond_axe":43,"minecraft:cooked_salmon":7,"minecraft:rotten_flesh":1,"minecraft:iron_chestplate":1,"minecraft:torch":82,"minecraft:dirt":2,"minecraft:mutton":2,"minecraft:crafting_table":11,"minecraft:diamond_helmet":1,"minecraft:golden_chestplate":1,"minecraft:granite":9,"minecraft:diamond_pickaxe":56,"minecraft:iron_pickaxe":205,"minecraft:iron_helmet":1,"minecraft:iron_boots":1,"minecraft:golden_leggings":1,"minecraft:golden_helmet":1,"minecraft:stone_axe":29,"minecraft:diamond_chestplate":1,"minecraft:cobblestone":93,"minecraft:furnace":4,"minecraft:porkchop":2,"minecraft:cobbled_deepslate":10,"minecraft:diamond_leggings":1,"minecraft:golden_pickaxe":24,"minecraft:enchanted_golden_apple":3},"minecraft:dropped":{"minecraft:stone_axe":3,"minecraft:wheat_seeds":1,"minecraft:stone_sword":1,"minecraft:golden_pickaxe":1,"minecraft:iron_helmet":1,"minecraft:iron_boots":1,"minecraft:iron_chestplate":2,"minecraft:golden_leggings":1},"minecraft:broken":{"minecraft:stone_pickaxe":1,"minecraft:wooden_pickaxe":1},"minecraft:custom":{"minecraft:interact_with_furnace":26,"minecraft:mob_kills":30,"minecraft:interact_with_crafting_table":32,"minecraft:leave_game":1,"minecraft:time_since_death":52810,"minecraft:time_since_rest":52830,"minecraft:sprint_one_cm":238175,"minecraft:damage_taken":230,"minecraft:walk_one_cm":227146,"minecraft:damage_blocked_by_shield":173,"minecraft:drop":11,"minecraft:damage_dealt":3039,"minecraft:swim_one_cm":19164,"minecraft:fly_one_cm":281081,"minecraft:open_chest":2,"minecraft:crouch_one_cm":1782,"minecraft:play_time":70536,"minecraft:deaths":1,"minecraft:sneak_time":1380,"minecraft:walk_under_water_one_cm":34237,"minecraft:jump":1019,"minecraft:walk_on_water_one_cm":21842,"minecraft:total_world_time":70536,"minecraft:fall_one_cm":8794},"minecraft:picked_up":{"minecraft:birch_log":7,"minecraft:iron_chestplate":1,"minecraft:crafting_table":6,"minecraft:salmon":7,"minecraft:tuff":10,"minecraft:oak_log":23,"minecraft:lapis_lazuli":20,"minecraft:dirt":15,"minecraft:bone":2,"minecraft:wheat_seeds":3,"minecraft:cobbled_deepslate":74,"minecraft:raw_gold":1,"minecraft:sugar_cane":3,"minecraft:raw_iron":61,"minecraft:torch":1,"minecraft:porkchop":18,"minecraft:spruce_sapling":3,"minecraft:spruce_log":16,"minecraft:rotten_flesh":1,"minecraft:diamond":30,"minecraft:granite":9,"minecraft:black_wool":2,"minecraft:obsidian":4,"minecraft:mutton":9,"minecraft:coal":32,"minecraft:white_wool":5,"minecraft:cobblestone":235},"minecraft:crafted":{"minecraft:oak_planks":92,"minecraft:diamond_axe":1,"minecraft:crafting_table":5,"minecraft:wooden_pickaxe":1,"minecraft:iron_helmet":1,"minecraft:iron_sword":1,"minecraft:furnace":4,"minecraft:cooked_salmon":7,"minecraft:birch_planks":28,"minecraft:stone_axe":3,"minecraft:air":0,"minecraft:diamond_helmet":1,"minecraft:diamond_leggings":1,"minecraft:iron_boots":1,"minecraft:iron_chestplate":1,"minecraft:diamond_pickaxe":1,"minecraft:shield":1,"minecraft:stick":92,"minecraft:iron_ingot":23,"minecraft:iron_pickaxe":1,"minecraft:stone_pickaxe":1,"minecraft:stone_sword":1,"minecraft:diamond_boots":1,"minecraft:torch":100,"minecraft:diamond_chestplate":1}},"DataVersion":3700}