{"stats":{"minecraft:mined":{"minecraft:crying_obsidian":1,"minecraft:tuff":10,"minecraft:white_bed":2,"minecraft:deepslate_diamond_ore":30,"minecraft:oak_door":1,"minecraft:obsidian":5,"minecraft:granite":9,"minecraft:grass_block":4,"minecraft:spruce_leaves":26,"minecraft:large_fern":3,"minecraft:hay_block":21,"minecraft:tall_seagrass":1,"minecraft:iron_ore":42,"minecraft:pumpkin":10,"minecraft:deepslate_lapis_ore":4,"minecraft:gold_block":1,"minecraft:deepslate_iron_ore":19,"minecraft:stone":240,"minecraft:powder_snow":1,"minecraft:crafting_table":6,"minecraft:oak_fence":1,"minecraft:short_grass":18,"minecraft:stone_slab":1,"minecraft:tall_grass":7,"minecraft:cobblestone":6,"minecraft:deepslate_gold_ore":1,"minecraft:sugar_cane":3,"minecraft:oak_planks":1,"minecraft:wall_torch":1,"minecraft:seagrass":2,"minecraft:birch_log":7,"minecraft:spruce_log":16,"minecraft:yellow_bed":5,"minecraft:oak_log":23,"minecraft:coal_ore":32,"minecraft:dirt":10,"minecraft:fern":1,"minecraft:oak_leaves":4,"minecraft:deepslate":74},"minecraft:killed":{"minecraft:horse":2,"minecraft:skeleton":2,"minecraft:pig":8,"minecraft:salmon":9,"minecraft:sheep":9,"minecraft:zombie":3,"minecraft:villager":7,"minecraft:cow":5},"minecraft:used":{"minecraft:stone_sword":34,"minecraft:shield":6,"minecraft:iron_sword":11,"minecraft:rotten_flesh":1,"minecraft:cooked_salmon":7,"minecraft:stone_hoe":21,"minecraft:iron_chestplate":1,"minecraft:torch":82,"minecraft:dirt":2,"minecraft:mutton":2,"minecraft:diamond_helmet":1,"minecraft:golden_chestplate":1,"minecraft:granite":9,"minecraft:spruce_boat":1,"minecraft:iron_helmet":1,"minecraft:iron_boots":1,"minecraft:diamond_chestplate":1,"minecraft:furnace":4,"minecraft:cobbled_deepslate":10,"minecraft:enchanted_golden_apple":3,"minecraft:diamond_boots":1,"minecraft:stone_pickaxe":131,"minecraft:wooden_pickaxe":60,"minecraft:diamond_axe":96,"minecraft:crafting_table":15,"minecraft:diamond_pickaxe":61,"minecraft:bread":2,"minecraft:iron_pickaxe":205,"minecraft:golden_leggings":1,"minecraft:golden_helmet":1,"minecraft:stone_axe":29,"minecraft:cobblestone":103,"minecraft:porkchop":2,"minecraft:diamond_leggings":1,"minecraft:golden_pickaxe":24},"minecraft:dropped":{"minecraft:wheat_seeds":1,"minecraft:golden_pickaxe":1,"minecraft:oak_fence":1,"minecraft:iron_helmet":1,"minecraft:fire_charge":1,"minecraft:iron_pickaxe":1,"minecraft:stone_axe":3,"minecraft:sugar_cane":3,"minecraft:stone_sword":1,"minecraft:iron_boots":1,"minecraft:stone_slab":3,"minecraft:iron_chestplate":2,"minecraft:golden_leggings":1,"minecraft:black_wool":2},"minecraft:broken":{"minecraft:wooden_pickaxe":1,"minecraft:stone_pickaxe":1},"minecraft:custom":{"minecraft:mob_kills":45,"minecraft:interact_with_crafting_table":40,"minecraft:leave_game":1,"minecraft:time_since_death":64810,"minecraft:sprint_one_cm":277882,"minecraft:walk_one_cm":257641,"minecraft:damage_blocked_by_shield":173,"minecraft:drop":22,"minecraft:play_time":82536,"minecraft:deaths":1,"minecraft:sneak_time":1419,"minecraft:walk_under_water_one_cm":35059,"minecraft:boat_one_cm":46986,"minecraft:jump":1179,"minecraft:walk_on_water_one_cm":23260,"minecraft:total_world_time":82536,"minecraft:interact_with_furnace":26,"minecraft:time_since_rest":64830,"minecraft:damage_taken":294,"minecraft:damage_dealt":5308,"minecraft:swim_one_cm":35906,"minecraft:fly_one_cm":302242,"minecraft:open_chest":10,"minecraft:crouch_one_cm":1794,"minecraft:fall_one_cm":11733},"minecraft:picked_up":{"minecraft:crafting_table":6,"minecraft:iron_chestplate":1,"minecraft:stone_slab":3,"minecraft:gold_block":1,"minecraft:cobbled_deepslate":74,"minecraft:beef":11,"minecraft:sugar_cane":12,"minecraft:raw_iron":61,"minecraft:oak_fence":2,"minecraft:torch":1,"minecraft:fire_charge":1,"minecraft:porkchop":18,"minecraft:rotten_flesh":1,"minecraft:hay_block":21,"minecraft:mutton":12,"minecraft:obsidian":5,"minecraft:white_wool":7,"minecraft:cobblestone":236,"minecraft:birch_log":7,"minecraft:salmon":7,"minecraft:leather":4,"minecraft:tuff":10,"minecraft:oak_log":23,"minecraft:lapis_lazuli":20,"minecraft:dirt":15,"minecraft:bone":2,"minecraft:apple":3,"minecraft:wheat_seeds":3,"minecraft:raw_gold":1,"minecraft:oak_planks":1,"minecraft:pumpkin":9,"minecraft:spruce_sapling":3,"minecraft:spruce_log":16,"minecraft:crying_obsidian":1,"minecraft:diamond":30,"minecraft:spruce_boat":1,"minecraft:granite":9,"minecraft:coal":32,"minecraft:black_wool":2},"minecraft:crafted":{"minecraft:oak_planks":92,"minecraft:furnace":4,"minecraft:diamond_helmet":1,"minecraft:diamond_leggings":1,"minecraft:iron_boots":1,"minecraft:stone_pickaxe":1,"minecraft:diamond_boots":1,"minecraft:spruce_boat":1,"minecraft:stone_hoe":1,"minecraft:diamond_axe":1,"minecraft:crafting_table":9,"minecraft:spruce_planks":64,"minecraft:wooden_pickaxe":1,"minecraft:iron_helmet":1,"minecraft:iron_sword":1,"minecraft:cooked_salmon":7,"minecraft:birch_planks":28,"minecraft:stone_axe":3,"minecraft:air":0,"minecraft:iron_chestplate":1,"minecraft:book":1,"minecraft:paper":6,"minecraft:diamond_pickaxe":1,"minecraft:golden_apple":1,"minecraft:shield":1,"minecraft:stick":92,"minecraft:iron_ingot":23,"minecraft:iron_pickaxe":1,"minecraft:stone_sword":1,"minecraft:gold_ingot":9,"minecraft:torch":100,"minecraft:diamond_chestplate":1}},"DataVersion":3700}