{"stats":{"minecraft:mined":{"minecraft:large_fern":1,"minecraft:seagrass":2,"minecraft:tall_seagrass":1,"minecraft:birch_log":7,"minecraft:iron_ore":13,"minecraft:granite":9,"minecraft:powder_snow":1,"minecraft:crafting_table":2,"minecraft:short_grass":15,"minecraft:oak_log":23,"minecraft:grass_block":4,"minecraft:coal_ore":12,"minecraft:dirt":10,"minecraft:tall_grass":2,"minecraft:spruce_leaves":2,"minecraft:stone":156,"minecraft:oak_leaves":4,"minecraft:fern":1},"minecraft:killed":{"minecraft:sheep":3,"minecraft:pig":1,"minecraft:salmon":4},"minecraft:used":{"minecraft:stone_sword":10,"minecraft:stone_pickaxe":131,"minecraft:wooden_pickaxe":40,"minecraft:cooked_salmon":2,"minecraft:golden_leggings":1,"minecraft:golden_helmet":1,"minecraft:stone_axe":25,"minecraft:torch":2,"minecraft:dirt":2,"minecraft:mutton":2,"minecraft:cobblestone":20,"minecraft:crafting_table":3,"minecraft:furnace":2,"minecraft:porkchop":2,"minecraft:golden_chestplate":1,"minecraft:enchanted_golden_apple":3,"minecraft:golden_pickaxe":24},"minecraft:dropped":{"minecraft:wheat_seeds":1,"minecraft:golden_pickaxe":1,"minecraft:golden_leggings":1},"minecraft:broken":{"minecraft:stone_pickaxe":1},"minecraft:custom":{"minecraft:time_since_rest":16830,"minecraft:interact_with_furnace":10,"minecraft:sprint_one_cm":158684,"minecraft:damage_taken":38,"minecraft:walk_one_cm":132681,"minecraft:mob_kills":8,"minecraft:drop":3,"minecraft:damage_dealt":640,"minecraft:swim_one_cm":13169,"minecraft:interact_with_crafting_table":8,"minecraft:fly_one_cm":251526,"minecraft:open_chest":2,"minecraft:play_time":34536,"minecraft:deaths":1,"minecraft:sneak_time":184,"minecraft:walk_under_water_one_cm":3520,"minecraft:jump":443,"minecraft:leave_game":1,"minecraft:walk_on_water_one_cm":2539,"minecraft:time_since_death":16810,"minecraft:total_world_time":34536,"minecraft:fall_one_cm":4068},"minecraft:picked_up":{"minecraft:birch_log":7,"minecraft:crafting_table":2,"minecraft:raw_iron":13,"minecraft:salmon":4,"minecraft:porkchop":2,"minecraft:oak_log":23,"minecraft:dirt":14,"minecraft:wheat_seeds":2,"minecraft:granite":9,"minecraft:sugar_cane":3,"minecraft:mutton":3,"minecraft:coal":12,"minecraft:white_wool":3,"minecraft:cobblestone":152},"minecraft:crafted":{"minecraft:oak_planks":24,"minecraft:crafting_table":2,"minecraft:iron_pickaxe":1,"minecraft:stick":16,"minecraft:iron_ingot":5,"minecraft:wooden_pickaxe":1,"minecraft:stone_pickaxe":1,"minecraft:stone_sword":1,"minecraft:furnace":2,"minecraft:cooked_salmon":4,"minecraft:torch":12,"minecraft:birch_planks":28,"minecraft:stone_axe":3,"minecraft:air":0}},"DataVersion":3700}