{"stats":{"minecraft:mined":{"minecraft:deepslate_redstone_ore":6,"minecraft:tuff":32,"minecraft:deepslate_diamond_ore":51,"minecraft:medium_amethyst_bud":1,"minecraft:crafting_table":3,"minecraft:torch":1,"minecraft:granite":34,"minecraft:budding_amethyst":6,"minecraft:short_grass":1,"minecraft:calcite":8,"minecraft:cobblestone":4,"minecraft:deepslate_gold_ore":8,"minecraft:diorite":27,"minecraft:wall_torch":3,"minecraft:amethyst_block":133,"minecraft:raw_iron_block":1,"minecraft:furnace":1,"minecraft:iron_ore":38,"minecraft:cobbled_deepslate":13,"minecraft:birch_leaves":3,"minecraft:andesite":24,"minecraft:deepslate_lapis_ore":7,"minecraft:coal_ore":18,"minecraft:oak_log":29,"minecraft:deepslate_iron_ore":15,"minecraft:gravel":6,"minecraft:dirt":8,"minecraft:smooth_basalt":6,"minecraft:stone":190,"minecraft:oak_leaves":11,"minecraft:deepslate":285},"minecraft:killed":{"minecraft:pig":3,"minecraft:creeper":1,"minecraft:skeleton":3,"minecraft:zombie":1},"minecraft:used":{"minecraft:diorite":14,"minecraft:stone_pickaxe":88,"minecraft:oak_planks":2,"minecraft:shield":6,"minecraft:wooden_pickaxe":18,"minecraft:diamond_axe":15,"minecraft:iron_chestplate":1,"minecraft:torch":5,"minecraft:crafting_table":6,"minecraft:wooden_axe":39,"minecraft:diamond_pickaxe":575,"minecraft:iron_axe":2,"minecraft:iron_pickaxe":242,"minecraft:iron_helmet":1,"minecraft:iron_boots":1,"minecraft:stone_axe":1,"minecraft:cobblestone":22,"minecraft:furnace":3,"minecraft:oak_sapling":2,"minecraft:cooked_porkchop":4,"minecraft:bucket":2,"minecraft:cobbled_deepslate":63,"minecraft:iron_leggings":1},"minecraft:dropped":{"minecraft:stone_axe":1,"minecraft:cooked_porkchop":4,"minecraft:diamond_pickaxe":1,"minecraft:wooden_axe":1,"minecraft:iron_axe":1,"minecraft:stone_pickaxe":1,"minecraft:wooden_pickaxe":1,"minecraft:iron_pickaxe":1},"minecraft:custom":{"minecraft:interact_with_furnace":38,"minecraft:mob_kills":8,"minecraft:interact_with_crafting_table":18,"minecraft:leave_game":1,"minecraft:time_since_death":42715,"minecraft:time_since_rest":42715,"minecraft:sprint_one_cm":82102,"minecraft:damage_taken":295,"minecraft:walk_one_cm":71701,"minecraft:damage_blocked_by_shield":160,"minecraft:drop":11,"minecraft:damage_dealt":1302,"minecraft:swim_one_cm":151,"minecraft:fly_one_cm":46566,"minecraft:crouch_one_cm":22588,"minecraft:play_time":42715,"minecraft:sneak_time":11803,"minecraft:walk_under_water_one_cm":1580,"minecraft:jump":616,"minecraft:walk_on_water_one_cm":171,"minecraft:total_world_time":42715,"minecraft:fall_one_cm":9220},"minecraft:picked_up":{"minecraft:crafting_table":3,"minecraft:andesite":24,"minecraft:flint":1,"minecraft:tuff":34,"minecraft:oak_log":29,"minecraft:amethyst_block":128,"minecraft:lapis_lazuli":48,"minecraft:dirt":8,"minecraft:bone":4,"minecraft:cobbled_deepslate":296,"minecraft:raw_gold":8,"minecraft:calcite":8,"minecraft:furnace":1,"minecraft:stick":3,"minecraft:raw_iron":53,"minecraft:smooth_basalt":6,"minecraft:cooked_porkchop":3,"minecraft:torch":5,"minecraft:raw_iron_block":1,"minecraft:gravel":5,"minecraft:porkchop":6,"minecraft:diorite":27,"minecraft:redstone":26,"minecraft:arrow":5,"minecraft:rotten_flesh":2,"minecraft:diamond":51,"minecraft:granite":35,"minecraft:oak_sapling":2,"minecraft:coal":26,"minecraft:cobblestone":194},"minecraft:crafted":{"minecraft:oak_planks":116,"minecraft:raw_iron":9,"minecraft:cooked_porkchop":5,"minecraft:diamond_axe":1,"minecraft:crafting_table":3,"minecraft:wooden_pickaxe":1,"minecraft:iron_helmet":1,"minecraft:furnace":2,"minecraft:bucket":2,"minecraft:stone_axe":1,"minecraft:air":0,"minecraft:iron_boots":1,"minecraft:iron_chestplate":1,"minecraft:diamond_pickaxe":2,"minecraft:shield":1,"minecraft:iron_axe":1,"minecraft:stick":20,"minecraft:iron_ingot":44,"minecraft:iron_pickaxe":1,"minecraft:stone_pickaxe":1,"minecraft:wooden_axe":1,"minecraft:iron_leggings":1,"minecraft:torch":4}},"DataVersion":3700}