{"stats":{"minecraft:mined":{"minecraft:furnace":1,"minecraft:iron_ore":33,"minecraft:andesite":21,"minecraft:birch_leaves":3,"minecraft:torch":1,"minecraft:crafting_table":3,"minecraft:granite":20,"minecraft:short_grass":1,"minecraft:oak_log":29,"minecraft:coal_ore":18,"minecraft:dirt":6,"minecraft:stone":120,"minecraft:deepslate":22,"minecraft:diorite":18,"minecraft:oak_leaves":11,"minecraft:wall_torch":2},"minecraft:killed":{"minecraft:pig":3,"minecraft:creeper":1},"minecraft:used":{"minecraft:wooden_axe":39,"minecraft:iron_axe":2,"minecraft:iron_pickaxe":154,"minecraft:stone_pickaxe":88,"minecraft:oak_planks":2,"minecraft:iron_helmet":1,"minecraft:wooden_pickaxe":18,"minecraft:iron_chestplate":1,"minecraft:stone_axe":1,"minecraft:torch":3,"minecraft:cobblestone":1,"minecraft:crafting_table":5,"minecraft:oak_sapling":2,"minecraft:furnace":3,"minecraft:cooked_porkchop":1},"minecraft:dropped":{"minecraft:wooden_axe":1,"minecraft:cooked_porkchop":4,"minecraft:wooden_pickaxe":1},"minecraft:custom":{"minecraft:time_since_rest":17984,"minecraft:interact_with_furnace":24,"minecraft:sprint_one_cm":47308,"minecraft:damage_taken":50,"minecraft:walk_one_cm":31863,"minecraft:mob_kills":4,"minecraft:drop":6,"minecraft:damage_dealt":510,"minecraft:interact_with_crafting_table":11,"minecraft:fly_one_cm":30724,"minecraft:crouch_one_cm":4071,"minecraft:play_time":17984,"minecraft:sneak_time":2669,"minecraft:jump":259,"minecraft:time_since_death":17984,"minecraft:total_world_time":17984,"minecraft:fall_one_cm":5585},"minecraft:picked_up":{"minecraft:raw_iron":33,"minecraft:stick":3,"minecraft:crafting_table":3,"minecraft:cooked_porkchop":1,"minecraft:andesite":21,"minecraft:torch":3,"minecraft:porkchop":6,"minecraft:oak_log":29,"minecraft:diorite":18,"minecraft:dirt":6,"minecraft:cobbled_deepslate":22,"minecraft:granite":21,"minecraft:oak_sapling":2,"minecraft:coal":26,"minecraft:cobblestone":119,"minecraft:furnace":1},"minecraft:crafted":{"minecraft:oak_planks":116,"minecraft:iron_chestplate":1,"minecraft:cooked_porkchop":5,"minecraft:iron_axe":1,"minecraft:crafting_table":2,"minecraft:stick":12,"minecraft:iron_helmet":1,"minecraft:iron_pickaxe":1,"minecraft:iron_ingot":19,"minecraft:wooden_pickaxe":1,"minecraft:stone_pickaxe":1,"minecraft:wooden_axe":1,"minecraft:furnace":2,"minecraft:torch":4,"minecraft:stone_axe":1,"minecraft:air":0}},"DataVersion":3700}