{"stats":{"minecraft:mined":{"minecraft:short_grass":1,"minecraft:oak_log":29,"minecraft:birch_leaves":3,"minecraft:oak_leaves":8,"minecraft:crafting_table":1},"minecraft:killed":{"minecraft:pig":3},"minecraft:used":{"minecraft:wooden_axe":33,"minecraft:crafting_table":1,"minecraft:oak_sapling":2},"minecraft:custom":{"minecraft:time_since_rest":5984,"minecraft:crouch_one_cm":303,"minecraft:play_time":5984,"minecraft:sprint_one_cm":32313,"minecraft:walk_one_cm":11939,"minecraft:sneak_time":176,"minecraft:mob_kills":3,"minecraft:jump":150,"minecraft:damage_dealt":310,"minecraft:time_since_death":5984,"minecraft:total_world_time":5984,"minecraft:fall_one_cm":2206,"minecraft:interact_with_crafting_table":1,"minecraft:fly_one_cm":21735},"minecraft:picked_up":{"minecraft:stick":3,"minecraft:crafting_table":1,"minecraft:porkchop":6,"minecraft:oak_log":29,"minecraft:oak_sapling":2},"minecraft:crafted":{"minecraft:oak_planks":116,"minecraft:crafting_table":1,"minecraft:stick":4,"minecraft:wooden_pickaxe":1,"minecraft:wooden_axe":1}},"DataVersion":3700}