{"stats":{"minecraft:mined":{"minecraft:tuff":6,"minecraft:deepslate_diamond_ore":9,"minecraft:crafting_table":3,"minecraft:torch":1,"minecraft:granite":34,"minecraft:short_grass":1,"minecraft:cobblestone":4,"minecraft:diorite":19,"minecraft:wall_torch":3,"minecraft:furnace":1,"minecraft:iron_ore":33,"minecraft:cobbled_deepslate":13,"minecraft:birch_leaves":3,"minecraft:andesite":21,"minecraft:coal_ore":18,"minecraft:oak_log":29,"minecraft:deepslate_iron_ore":3,"minecraft:dirt":6,"minecraft:stone":170,"minecraft:oak_leaves":11,"minecraft:deepslate":98},"minecraft:killed":{"minecraft:pig":3,"minecraft:creeper":1,"minecraft:skeleton":2,"minecraft:zombie":1},"minecraft:used":{"minecraft:diorite":14,"minecraft:stone_pickaxe":88,"minecraft:oak_planks":2,"minecraft:shield":6,"minecraft:wooden_pickaxe":18,"minecraft:diamond_axe":10,"minecraft:iron_chestplate":1,"minecraft:torch":5,"minecraft:crafting_table":5,"minecraft:wooden_axe":39,"minecraft:diamond_pickaxe":88,"minecraft:iron_axe":2,"minecraft:iron_pickaxe":242,"minecraft:iron_helmet":1,"minecraft:iron_boots":1,"minecraft:stone_axe":1,"minecraft:cobblestone":22,"minecraft:furnace":3,"minecraft:oak_sapling":2,"minecraft:cooked_porkchop":2,"minecraft:cobbled_deepslate":63,"minecraft:iron_leggings":1},"minecraft:dropped":{"minecraft:stone_axe":1,"minecraft:cooked_porkchop":4,"minecraft:diamond_pickaxe":1,"minecraft:wooden_axe":1,"minecraft:iron_axe":1,"minecraft:stone_pickaxe":1,"minecraft:wooden_pickaxe":1,"minecraft:iron_pickaxe":1},"minecraft:custom":{"minecraft:interact_with_furnace":37,"minecraft:mob_kills":7,"minecraft:interact_with_crafting_table":17,"minecraft:time_since_death":29984,"minecraft:time_since_rest":29984,"minecraft:sprint_one_cm":75178,"minecraft:damage_taken":237,"minecraft:walk_one_cm":56104,"minecraft:damage_blocked_by_shield":160,"minecraft:drop":11,"minecraft:damage_dealt":1102,"minecraft:fly_one_cm":45544,"minecraft:crouch_one_cm":9229,"minecraft:play_time":29984,"minecraft:sneak_time":5471,"minecraft:jump":558,"minecraft:total_world_time":29984,"minecraft:fall_one_cm":8117},"minecraft:picked_up":{"minecraft:crafting_table":3,"minecraft:andesite":21,"minecraft:tuff":8,"minecraft:oak_log":29,"minecraft:dirt":6,"minecraft:bone":2,"minecraft:cobbled_deepslate":110,"minecraft:furnace":1,"minecraft:stick":3,"minecraft:raw_iron":36,"minecraft:cooked_porkchop":3,"minecraft:torch":5,"minecraft:porkchop":6,"minecraft:diorite":19,"minecraft:arrow":3,"minecraft:rotten_flesh":2,"minecraft:diamond":9,"minecraft:granite":35,"minecraft:oak_sapling":2,"minecraft:coal":26,"minecraft:cobblestone":174},"minecraft:crafted":{"minecraft:oak_planks":116,"minecraft:cooked_porkchop":5,"minecraft:diamond_axe":1,"minecraft:crafting_table":2,"minecraft:wooden_pickaxe":1,"minecraft:iron_helmet":1,"minecraft:furnace":2,"minecraft:stone_axe":1,"minecraft:air":0,"minecraft:iron_boots":1,"minecraft:iron_chestplate":1,"minecraft:diamond_pickaxe":2,"minecraft:shield":1,"minecraft:iron_axe":1,"minecraft:stick":20,"minecraft:iron_ingot":34,"minecraft:iron_pickaxe":1,"minecraft:stone_pickaxe":1,"minecraft:wooden_axe":1,"minecraft:iron_leggings":1,"minecraft:torch":4}},"DataVersion":3700}