{"stats":{"minecraft:mined":{"minecraft:large_fern":1,"minecraft:short_grass":10,"minecraft:oak_log":2,"minecraft:spruce_leaves":4,"minecraft:fern":3},"minecraft:killed":{"minecraft:cow":1},"minecraft:used":{"minecraft:oak_log":2,"minecraft:bat_spawn_egg":2},"minecraft:dropped":{"minecraft:dirt":6,"minecraft:leather":1,"minecraft:wheat_seeds":2,"minecraft:beef":3},"minecraft:custom":{"minecraft:time_since_rest":2676,"minecraft:deaths":1,"minecraft:play_time":23179,"minecraft:sprint_one_cm":25780,"minecraft:damage_taken":294,"minecraft:walk_one_cm":110566,"minecraft:sneak_time":2,"minecraft:walk_under_water_one_cm":3097,"minecraft:mob_kills":1,"minecraft:drop":7,"minecraft:jump":681,"minecraft:damage_dealt":299,"minecraft:leave_game":3,"minecraft:walk_on_water_one_cm":8265,"minecraft:time_since_death":2656,"minecraft:total_world_time":23179,"minecraft:swim_one_cm":3713,"minecraft:fall_one_cm":11117,"minecraft:fly_one_cm":128931},"minecraft:picked_up":{"minecraft:leather":1,"minecraft:wheat_seeds":2,"minecraft:beef":3,"minecraft:oak_log":2,"minecraft:dirt":6}},"DataVersion":3700}