{"stats":{"minecraft:mined":{"minecraft:large_fern":1,"minecraft:iron_ore":24,"minecraft:crafting_table":1,"minecraft:short_grass":13,"minecraft:coal_ore":31,"minecraft:grass_block":2,"minecraft:oak_log":2,"minecraft:dirt":2,"minecraft:spruce_leaves":4,"minecraft:stone":34,"minecraft:oak_leaves":2,"minecraft:wall_torch":1,"minecraft:fern":3},"minecraft:killed":{"minecraft:zombie":2,"minecraft:spider":1,"minecraft:cow":1},"minecraft:used":{"minecraft:warden_spawn_egg":1,"minecraft:oak_log":28,"minecraft:stone_sword":13,"minecraft:stone_pickaxe":83,"minecraft:wooden_pickaxe":6,"minecraft:iron_sword":32,"minecraft:wither_skeleton_spawn_egg":7,"minecraft:stone_axe":1,"minecraft:torch":78,"minecraft:dirt":6,"minecraft:crafting_table":3,"minecraft:furnace":1,"minecraft:cooked_beef":4,"minecraft:pointed_dripstone":8,"minecraft:bat_spawn_egg":2},"minecraft:dropped":{"minecraft:dirt":6,"minecraft:wither_skeleton_spawn_egg":1,"minecraft:wheat_seeds":2,"minecraft:leather":1,"minecraft:wooden_pickaxe":1,"minecraft:beef":3},"minecraft:custom":{"minecraft:time_since_rest":36112,"minecraft:interact_with_furnace":6,"minecraft:sprint_one_cm":81172,"minecraft:damage_taken":533,"minecraft:walk_one_cm":175294,"minecraft:mob_kills":4,"minecraft:drop":9,"minecraft:damage_dealt":2952,"minecraft:swim_one_cm":4722,"minecraft:interact_with_crafting_table":5,"minecraft:fly_one_cm":574853,"minecraft:crouch_one_cm":503,"minecraft:play_time":56615,"minecraft:deaths":1,"minecraft:sneak_time":167,"minecraft:walk_under_water_one_cm":7288,"minecraft:jump":1244,"minecraft:leave_game":5,"minecraft:time_since_death":36092,"minecraft:walk_on_water_one_cm":11282,"minecraft:total_world_time":56615,"minecraft:fall_one_cm":18289},"minecraft:picked_up":{"minecraft:raw_iron":39,"minecraft:crafting_table":1,"minecraft:leather":1,"minecraft:torch":2,"minecraft:oak_log":4,"minecraft:pointed_dripstone":4,"minecraft:string":2,"minecraft:dirt":10,"minecraft:rotten_flesh":3,"minecraft:wheat_seeds":2,"minecraft:beef":3,"minecraft:coal":37,"minecraft:cobblestone":34},"minecraft:crafted":{"minecraft:oak_planks":56,"minecraft:crafting_table":1,"minecraft:stick":8,"minecraft:iron_ingot":9,"minecraft:wooden_pickaxe":1,"minecraft:stone_pickaxe":1,"minecraft:stone_sword":1,"minecraft:furnace":1,"minecraft:stone_axe":1,"minecraft:air":0}},"DataVersion":3700}