{"stats":{"minecraft:mined":{"minecraft:large_fern":1,"minecraft:iron_ore":24,"minecraft:crafting_table":1,"minecraft:short_grass":13,"minecraft:coal_ore":31,"minecraft:grass_block":2,"minecraft:oak_log":2,"minecraft:dirt":2,"minecraft:spruce_leaves":4,"minecraft:stone":34,"minecraft:oak_leaves":2,"minecraft:wall_torch":1,"minecraft:fern":3},"minecraft:killed":{"minecraft:zombie":2,"minecraft:spider":1,"minecraft:cow":1},"minecraft:used":{"minecraft:oak_log":2,"minecraft:stone_sword":13,"minecraft:stone_pickaxe":83,"minecraft:wooden_pickaxe":6,"minecraft:stone_axe":1,"minecraft:torch":78,"minecraft:dirt":6,"minecraft:crafting_table":3,"minecraft:furnace":1,"minecraft:cooked_beef":4,"minecraft:bat_spawn_egg":2},"minecraft:dropped":{"minecraft:dirt":6,"minecraft:wheat_seeds":2,"minecraft:leather":1,"minecraft:wooden_pickaxe":1,"minecraft:beef":3},"minecraft:custom":{"minecraft:time_since_rest":23755,"minecraft:interact_with_furnace":2,"minecraft:sprint_one_cm":63143,"minecraft:damage_taken":533,"minecraft:walk_one_cm":163149,"minecraft:mob_kills":4,"minecraft:drop":8,"minecraft:damage_dealt":873,"minecraft:swim_one_cm":3713,"minecraft:interact_with_crafting_table":5,"minecraft:fly_one_cm":240339,"minecraft:crouch_one_cm":489,"minecraft:play_time":44258,"minecraft:deaths":1,"minecraft:sneak_time":99,"minecraft:walk_under_water_one_cm":3097,"minecraft:jump":1045,"minecraft:leave_game":4,"minecraft:time_since_death":23735,"minecraft:walk_on_water_one_cm":9065,"minecraft:total_world_time":44258,"minecraft:fall_one_cm":18289},"minecraft:picked_up":{"minecraft:raw_iron":24,"minecraft:crafting_table":1,"minecraft:leather":1,"minecraft:torch":2,"minecraft:oak_log":4,"minecraft:string":2,"minecraft:dirt":10,"minecraft:rotten_flesh":3,"minecraft:wheat_seeds":2,"minecraft:beef":3,"minecraft:coal":31,"minecraft:cobblestone":34},"minecraft:crafted":{"minecraft:oak_planks":56,"minecraft:crafting_table":1,"minecraft:stick":8,"minecraft:iron_ingot":1,"minecraft:wooden_pickaxe":1,"minecraft:stone_pickaxe":1,"minecraft:stone_sword":1,"minecraft:furnace":1,"minecraft:stone_axe":1,"minecraft:air":0}},"DataVersion":3700}