{"stats":{"minecraft:mined":{"minecraft:large_fern":1,"minecraft:short_grass":13,"minecraft:grass_block":2,"minecraft:oak_log":2,"minecraft:dirt":2,"minecraft:spruce_leaves":4,"minecraft:oak_leaves":2,"minecraft:fern":3},"minecraft:killed":{"minecraft:cow":1},"minecraft:used":{"minecraft:oak_log":2,"minecraft:dirt":6,"minecraft:cooked_beef":2,"minecraft:bat_spawn_egg":2},"minecraft:dropped":{"minecraft:dirt":6,"minecraft:leather":1,"minecraft:wheat_seeds":2,"minecraft:beef":3},"minecraft:custom":{"minecraft:time_since_rest":11771,"minecraft:crouch_one_cm":96,"minecraft:deaths":1,"minecraft:play_time":32274,"minecraft:sprint_one_cm":45435,"minecraft:damage_taken":343,"minecraft:walk_one_cm":124375,"minecraft:sneak_time":16,"minecraft:walk_under_water_one_cm":3097,"minecraft:mob_kills":1,"minecraft:drop":7,"minecraft:jump":876,"minecraft:damage_dealt":323,"minecraft:leave_game":4,"minecraft:walk_on_water_one_cm":8265,"minecraft:time_since_death":11751,"minecraft:total_world_time":32274,"minecraft:swim_one_cm":3713,"minecraft:fall_one_cm":15800,"minecraft:fly_one_cm":176067},"minecraft:picked_up":{"minecraft:leather":1,"minecraft:wheat_seeds":2,"minecraft:beef":3,"minecraft:oak_log":4,"minecraft:dirt":10}},"DataVersion":3700}