{"stats":{"minecraft:mined":{"minecraft:crafting_table":1,"minecraft:short_grass":13,"minecraft:grass_block":2,"minecraft:spruce_leaves":4,"minecraft:wall_torch":1,"minecraft:large_fern":1,"minecraft:iron_ore":24,"minecraft:oak_log":2,"minecraft:coal_ore":31,"minecraft:dirt":2,"minecraft:stone":34,"minecraft:oak_leaves":2,"minecraft:fern":3},"minecraft:killed":{"minecraft:spider":1,"minecraft:zombie":2,"minecraft:cow":1},"minecraft:used":{"minecraft:water_bucket":4,"minecraft:stone_sword":13,"minecraft:flint_and_steel":1,"minecraft:stone_pickaxe":83,"minecraft:oak_planks":30,"minecraft:wooden_pickaxe":6,"minecraft:stone":85,"minecraft:iron_sword":32,"minecraft:wither_skeleton_spawn_egg":7,"minecraft:torch":79,"minecraft:dirt":263,"minecraft:sand":11,"minecraft:tnt":45,"minecraft:crafting_table":3,"minecraft:bat_spawn_egg":2,"minecraft:warden_spawn_egg":1,"minecraft:oak_log":30,"minecraft:deepslate":1,"minecraft:stone_axe":1,"minecraft:bedrock":5,"minecraft:furnace":1,"minecraft:cooked_beef":4,"minecraft:pointed_dripstone":8},"minecraft:dropped":{"minecraft:wheat_seeds":2,"minecraft:mossy_cobblestone":1,"minecraft:deepslate":2,"minecraft:leather":1,"minecraft:bedrock":2,"minecraft:recovery_compass":1,"minecraft:dirt":7,"minecraft:wither_skeleton_spawn_egg":1,"minecraft:stone":2,"minecraft:snowball":18,"minecraft:sand":1,"minecraft:beef":3,"minecraft:wooden_pickaxe":1},"minecraft:custom":{"minecraft:interact_with_furnace":6,"minecraft:mob_kills":4,"minecraft:interact_with_crafting_table":5,"minecraft:leave_game":5,"minecraft:time_since_death":60074,"minecraft:time_since_rest":60094,"minecraft:sprint_one_cm":96803,"minecraft:damage_taken":553,"minecraft:walk_one_cm":207726,"minecraft:drop":23,"minecraft:damage_dealt":2952,"minecraft:swim_one_cm":4722,"minecraft:fly_one_cm":1211868,"minecraft:crouch_one_cm":553,"minecraft:play_time":80597,"minecraft:deaths":1,"minecraft:sneak_time":474,"minecraft:walk_under_water_one_cm":17983,"minecraft:jump":1456,"minecraft:walk_on_water_one_cm":11821,"minecraft:total_world_time":80597,"minecraft:fall_one_cm":19113},"minecraft:picked_up":{"minecraft:crafting_table":1,"minecraft:leather":1,"minecraft:bedrock":1,"minecraft:oak_log":4,"minecraft:dirt":10,"minecraft:string":2,"minecraft:wheat_seeds":8,"minecraft:beef":3,"minecraft:raw_iron":39,"minecraft:stone":1,"minecraft:torch":2,"minecraft:pointed_dripstone":4,"minecraft:rotten_flesh":3,"minecraft:coal":37,"minecraft:snowball":18,"minecraft:cobblestone":75},"minecraft:crafted":{"minecraft:oak_planks":56,"minecraft:crafting_table":1,"minecraft:wooden_pickaxe":1,"minecraft:furnace":1,"minecraft:stone_axe":1,"minecraft:air":0,"minecraft:stick":8,"minecraft:iron_ingot":9,"minecraft:stone_pickaxe":1,"minecraft:stone_sword":1}},"DataVersion":3700}