{"stats":{"minecraft:mined":{"minecraft:large_fern":1,"minecraft:short_grass":9,"minecraft:oak_log":1,"minecraft:spruce_leaves":4,"minecraft:fern":3},"minecraft:picked_up":{"minecraft:leather":1,"minecraft:wheat_seeds":2,"minecraft:beef":3,"minecraft:oak_log":1},"minecraft:used":{"minecraft:oak_log":1},"minecraft:custom":{"minecraft:time_since_rest":11719,"minecraft:sprint_one_cm":16157,"minecraft:play_time":11719,"minecraft:damage_taken":200,"minecraft:walk_one_cm":93100,"minecraft:sneak_time":2,"minecraft:walk_under_water_one_cm":3097,"minecraft:mob_kills":1,"minecraft:drop":6,"minecraft:jump":489,"minecraft:damage_dealt":299,"minecraft:leave_game":1,"minecraft:walk_on_water_one_cm":8265,"minecraft:time_since_death":11719,"minecraft:total_world_time":11719,"minecraft:swim_one_cm":3713,"minecraft:fall_one_cm":8760,"minecraft:fly_one_cm":37221},"minecraft:dropped":{"minecraft:leather":1,"minecraft:wheat_seeds":2,"minecraft:beef":3},"minecraft:killed":{"minecraft:cow":1}},"DataVersion":3700}