{"stats":{"minecraft:mined":{"minecraft:tall_grass":2,"minecraft:short_grass":14,"minecraft:kelp_plant":6},"minecraft:picked_up":{"minecraft:kelp":4},"minecraft:custom":{"minecraft:jump":88,"minecraft:time_since_rest":3908,"minecraft:damage_dealt":158,"minecraft:leave_game":1,"minecraft:walk_on_water_one_cm":2501,"minecraft:sprint_one_cm":7661,"minecraft:play_time":3908,"minecraft:damage_taken":240,"minecraft:time_since_death":3908,"minecraft:walk_one_cm":4022,"minecraft:sneak_time":6,"minecraft:total_world_time":3908,"minecraft:walk_under_water_one_cm":711,"minecraft:swim_one_cm":30568,"minecraft:fall_one_cm":2148,"minecraft:fly_one_cm":20508}},"DataVersion":3700}