{"stats":{"minecraft:mined":{"minecraft:short_grass":14,"minecraft:grass_block":1,"minecraft:kelp_plant":6,"minecraft:tall_grass":2},"minecraft:picked_up":{"minecraft:kelp":4,"minecraft:dirt":1},"minecraft:used":{"minecraft:dirt":1},"minecraft:custom":{"minecraft:time_since_rest":1094,"minecraft:sprint_one_cm":13907,"minecraft:play_time":6353,"minecraft:walk_one_cm":8157,"minecraft:damage_taken":505,"minecraft:deaths":2,"minecraft:sneak_time":32,"minecraft:walk_under_water_one_cm":2634,"minecraft:jump":122,"minecraft:damage_dealt":158,"minecraft:leave_game":2,"minecraft:walk_on_water_one_cm":4779,"minecraft:time_since_death":1056,"minecraft:total_world_time":6353,"minecraft:swim_one_cm":30568,"minecraft:fall_one_cm":6219,"minecraft:fly_one_cm":26213},"minecraft:killed_by":{"minecraft:drowned":1}},"DataVersion":3700}